artist,release,genre,title,year,duration,createdAt,updatedAt
22-20s,22-20s,blues-rock,Hold On,2004,317.0,2020-09-04 23:37:26,2020-09-04 23:37:26
3 Doors Down,Seventeen Days,post-grunge,Here Without You,2002,232.0,2020-09-04 23:37:26,2020-09-04 23:37:26
3 Doors Down,Here Without You,post-grunge,It's Not Me,2003,230.0,2020-09-04 23:37:26,2020-09-04 23:37:26
30 Seconds To Mars,30 Seconds To Mars,rock,Year Zero,2002,472.0,2020-09-04 23:37:26,2020-09-04 23:37:26
30 Seconds To Mars,30 Seconds To Mars,rock,The Mission,2002,245.0,2020-09-04 23:37:26,2020-09-04 23:37:26
30 Seconds To Mars,A Beautiful Lie + 30 Seconds To Mars,rock,End Of The Beginning,2002,277.0,2020-09-04 23:37:26,2020-09-04 23:37:26
30 Seconds To Mars,A Beautiful Lie,rock,Hunter,2005,234.0,2020-09-04 23:37:26,2020-09-04 23:37:26
A Skylit Drive,She Watched The Sky,progressive metal,Ability To Create A War,2007,88.0,2020-09-04 23:37:26,2020-09-04 23:37:26
A Tribe Called Quest,The Best Of,jazz rap,Scenario,1991,251.0,2020-09-04 23:37:26,2020-09-04 23:37:26
A Tribe Called Quest,The Best Of,jazz rap,Like It Like That,1998,166.0,2020-09-04 23:37:26,2020-09-04 23:37:26
Aerosmith,Big Ones,blues-rock,Janie's Got A Gun,1989,329.0,2020-09-04 23:37:26,2020-09-04 23:37:26
AFI,DECEMBERUNDERGROUND,post-hardcore,Summer Shudder,2006,187.0,2020-09-04 23:37:26,2020-09-04 23:37:26
AFI,DECEMBERUNDERGROUND,post-hardcore,Affliction,2006,328.0,2020-09-04 23:37:26,2020-09-04 23:37:26
AFI,Crash Love,post-hardcore,Too Shy To Scream,2009,176.0,2020-09-04 23:37:26,2020-09-04 23:37:26
AFI,Crash Love,post-hardcore,Darling_ I Want To Destroy You,2009,223.0,2020-09-04 23:37:26,2020-09-04 23:37:26
Agnostic Front,Another Voice,hardcore punk,No One Hears You,2004,98.0,2020-09-04 23:37:26,2020-09-04 23:37:26
Agnostic Front,Warriors,hardcore punk,Come Alive,2007,122.0,2020-09-04 23:37:26,2020-09-04 23:37:26
Aiden,Conviction,post-hardcore,She Will Love You (Album Version),2007,258.0,2020-09-04 23:37:26,2020-09-04 23:37:26
Aiden,Knives [Clean],post-hardcore,Killing Machine,2009,140.0,2020-09-04 23:37:26,2020-09-04 23:37:26
Aiden,Knives,post-hardcore,Black Market Hell,2009,759.0,2020-09-04 23:37:26,2020-09-04 23:37:26
Akon,Don't Matter,hip hop,Don't Matter,2006,249.0,2020-09-04 23:37:26,2020-09-04 23:37:26
Alexander O'Neal,Alex Loves...,dance pop,Saturday Love,2008,301.0,2020-09-04 23:37:26,2020-09-04 23:37:26
Alice In Chains,Jar of flies / Facelift / Dirt,grunge,Sickman,1992,329.0,2020-09-04 23:37:26,2020-09-04 23:37:26
Alice In Chains,Music Bank,grunge,God Smack,1992,230.0,2020-09-04 23:37:26,2020-09-04 23:37:26
Alice In Chains,Music Bank,grunge,Brother,1992,267.0,2020-09-04 23:37:26,2020-09-04 23:37:26
Alice In Chains,Black Gives Way To Blue,grunge,Lesson Learned,2009,256.0,2020-09-04 23:37:26,2020-09-04 23:37:26
Alice In Chains,Black Gives Way To Blue,grunge,Take Her Out,2009,239.0,2020-09-04 23:37:26,2020-09-04 23:37:26
Alicia Keys,The Diary Of Alicia Keys,neo soul,Karma,2003,255.0,2020-09-04 23:37:26,2020-09-04 23:37:26
Alicia Keys,Unplugged,neo soul,Heartburn,2003,183.0,2020-09-04 23:37:26,2020-09-04 23:37:26
Alicia Keys,The Element Of Freedom,neo soul,Wait Til You See My Smile,2009,240.0,2020-09-04 23:37:26,2020-09-04 23:37:26
All Time Low,Umbrella,pop punk,Umbrella,2008,227.0,2020-09-04 23:37:26,2020-09-04 23:37:26
Amorphis,Tales From The Thousand Lakes,progressive metal,Into Hiding,1994,225.0,2020-09-04 23:37:26,2020-09-04 23:37:26
Amorphis,Am Universum,progressive metal,Crimson Wave,2001,285.0,2020-09-04 23:37:26,2020-09-04 23:37:26
Amy Winehouse,ESSENTIAL 08,vocal jazz,Valerie,2007,229.0,2020-09-04 23:37:26,2020-09-04 23:37:26
Angelo Badalamenti,Mulholland Drive,chill-out,Dinner Party Pool Music,2001,86.0,2020-09-04 23:37:26,2020-09-04 23:37:26
April Wine,Harder Faster,pop rock,Say Hello,1979,179.0,2020-09-04 23:37:26,2020-09-04 23:37:26
Architecture In Helsinki,In Case We Die,twee pop,Need To Shout,2005,249.0,2020-09-04 23:37:26,2020-09-04 23:37:26
Arctic Monkeys,Whatever People Say I Am_ That's What I'm Not,garage rock,Fake Tales Of San Francisco,2004,177.0,2020-09-04 23:37:26,2020-09-04 23:37:26
Arctic Monkeys,Whatever People Say I Am_ That's What I'm Not,garage rock,From The Ritz To The Rubble,2004,193.0,2020-09-04 23:37:26,2020-09-04 23:37:26
Arsonists Get All The Girls,Portals,death core,Skiff For The Suits,2009,218.0,2020-09-04 23:37:26,2020-09-04 23:37:26
Arsonists Get All The Girls,Portals,death core,Violence in Fluid Triceratops,2009,240.0,2020-09-04 23:37:26,2020-09-04 23:37:26
ATB,No Silence,progressive house,Marrakech,2004,262.0,2020-09-04 23:37:26,2020-09-04 23:37:26
ATB,No Silence,progressive house,Collides With Beauty,2004,349.0,2020-09-04 23:37:26,2020-09-04 23:37:26
Atomic Rooster,Heavy Soul,hard rock,The Rock,1971,269.0,2020-09-04 23:37:26,2020-09-04 23:37:26
Atreyu,The Curse,post-hardcore,Nevada's Grace (Album Version),2004,227.0,2020-09-04 23:37:26,2020-09-04 23:37:26
Atreyu,The Curse,post-hardcore,You Eclipsed By Me (Album Version),2004,218.0,2020-09-04 23:37:26,2020-09-04 23:37:26
Auf Der Maur,Auf Der Maur,post-grunge,Taste You,2004,277.0,2020-09-04 23:37:26,2020-09-04 23:37:26
Avril Lavigne,The Best Damn Thing,teen pop,Innocence,2007,232.0,2020-09-04 23:37:26,2020-09-04 23:37:26
Ayo,Joyful,neo soul,Watching You,2006,232.0,2020-09-04 23:37:26,2020-09-04 23:37:26
B.o.B,B.o.B Presents: The Adventures of Bobby Ray,dirty south rap,Nothin' On You [feat. Bruno Mars] (Album Version),2010,269.0,2020-09-04 23:37:26,2020-09-04 23:37:26
Bad Religion,Stranger Than Fiction,hardcore punk,Infected,1994,247.0,2020-09-04 23:37:26,2020-09-04 23:37:26
Bad Religion,All Ages,hardcore punk,Flat Earth Society (Album Version),1995,141.0,2020-09-04 23:37:26,2020-09-04 23:37:26
Bad Religion,Process Of Belief,hardcore punk,You Don't Belong,2002,169.0,2020-09-04 23:37:26,2020-09-04 23:37:26
Bad Religion,Process Of Belief,hardcore punk,The Lie,2002,138.0,2020-09-04 23:37:26,2020-09-04 23:37:26
Baroness,Blue Record,sludge metal,The Sweetest Curse,2009,270.0,2020-09-04 23:37:26,2020-09-04 23:37:26
Bebo & Cigala,Lagrimas Negras,latin jazz,Inolvidable,2003,198.0,2020-09-04 23:37:26,2020-09-04 23:37:26
Becoming The Archetype,Dichotomy,christian metal,End Of The Age,2008,389.0,2020-09-04 23:37:26,2020-09-04 23:37:26
Behemoth,Evangelion,black metal,He Who Breeds Pestilence,2009,341.0,2020-09-04 23:37:26,2020-09-04 23:37:26
Belle and Sebastian,The BBC Sessions,indie pop,I Could Be Dreaming,1996,226.0,2020-09-04 23:37:26,2020-09-04 23:37:26
Between The Buried And Me,The Anatomy Of,alternative metal,Kickstart My Heart (Album Version),2006,295.0,2020-09-04 23:37:26,2020-09-04 23:37:26
BeyoncA(c) feat. Slim Thug,Check On It,hip hop,Check On It,2005,211.0,2020-09-04 23:37:26,2020-09-04 23:37:26
Big Star,Keep An Eye On The Sky,power pop,Till The End Of The Day (Alternate Mix),2009,133.0,2020-09-04 23:37:26,2020-09-04 23:37:26
Black Flag,Everything Went Black,hardcore punk,Police Story,1981,92.0,2020-09-04 23:37:26,2020-09-04 23:37:26
Blackalicious,The Craft,hip hop,World Of Vibrations (Album Version),2005,302.0,2020-09-04 23:37:26,2020-09-04 23:37:26
Blink-182,Dude Ranch,power pop,A New Hope,1997,225.0,2020-09-04 23:37:26,2020-09-04 23:37:26
Blink-182,blink-182,power pop,All Of This,2003,280.0,2020-09-04 23:37:26,2020-09-04 23:37:26
Blue October,Approaching Normal,post-grunge,My Never,2009,225.0,2020-09-04 23:37:26,2020-09-04 23:37:26
Blue October,Approaching Normal,post-grunge,Blue Skies,2009,223.0,2020-09-04 23:37:26,2020-09-04 23:37:26
Boards of Canada,Music Has The Right To Children,trip hop,Happy Cycling,1996,472.0,2020-09-04 23:37:26,2020-09-04 23:37:26
Bob Dylan,Desire/Blood On The Tracks/Street Legal,blues-rock,Simple Twist Of Fate,1975,257.0,2020-09-04 23:37:26,2020-09-04 23:37:26
Bob Marley & The Wailers,Kaya,reggae,Smile Jamaica,1992,307.0,2020-09-04 23:37:26,2020-09-04 23:37:26
Bon Jovi,7800 Fahrenheit,rock,Only Lonely,1985,302.0,2020-09-04 23:37:26,2020-09-04 23:37:26
Britney Spears,Oops!... I Did It Again,dance pop,Can't Make You Love Me,2000,196.0,2020-09-04 23:37:26,2020-09-04 23:37:26
Britt Nicole,Set The World On Fire (Premiere Performance Plus Track),ccm,Set The World On Fire,2007,220.0,2020-09-04 23:37:26,2020-09-04 23:37:26
brokeNCYDE,BC 13-EP,pop rap,Freaxxx,2008,214.0,2020-09-04 23:37:26,2020-09-04 23:37:26
Bruce Springsteen,Born In The U.S.A.,heartland rock,Working On The Highway,1984,191.0,2020-09-04 23:37:26,2020-09-04 23:37:26
Buddy Jewell,Buddy Jewell,bluegrass,Sweet Southern Comfort,2003,212.0,2020-09-04 23:37:26,2020-09-04 23:37:26
Butthole Surfers,Independent Worm Saloon,noise rock,Tongue,1993,126.0,2020-09-04 23:37:26,2020-09-04 23:37:26
Butthole Surfers,Electriclarryland,noise rock,Ulcer Breakout,1996,154.0,2020-09-04 23:37:26,2020-09-04 23:37:26
Cake,Comfort Eagle,post-grunge,Arco Arena,2001,91.0,2020-09-04 23:37:26,2020-09-04 23:37:26
Cancer Bats,Sabotage,southern rock,Sabotage,2010,180.0,2020-09-04 23:37:26,2020-09-04 23:37:26
Casiotone For The Painfully Alone,The First Two Albums,trip hop,Dying Batteries,2001,51.0,2020-09-04 23:37:26,2020-09-04 23:37:26
Casiotone For The Painfully Alone,Etiquette,trip hop,Nashville Parthenon,2006,175.0,2020-09-04 23:37:26,2020-09-04 23:37:26
Casiotone For The Painfully Alone,Etiquette,trip hop,Happy Mother's Day,2006,47.0,2020-09-04 23:37:26,2020-09-04 23:37:26
Casiotone For The Painfully Alone,Vs. Children,trip hop,White Jetta,2009,197.0,2020-09-04 23:37:26,2020-09-04 23:37:26
Caspian,The Four Trees,space rock,The Dropsonde,2007,125.0,2020-09-04 23:37:26,2020-09-04 23:37:26
Cauterize,So Far From Real,pop punk,Shooting Stars,2003,240.0,2020-09-04 23:37:26,2020-09-04 23:37:26
Charlotte Gainsbourg,5:55,pop,Tel Que Tu Es,2006,189.0,2020-09-04 23:37:26,2020-09-04 23:37:26
Charlotte Gainsbourg,IRM,pop,IRM,2009,154.0,2020-09-04 23:37:26,2020-09-04 23:37:26
Charlotte Gainsbourg,IRM,pop,Le Chat du CafA(c) des Artistes,2009,241.0,2020-09-04 23:37:26,2020-09-04 23:37:26
Chris Rea,The Road To Hell Part 2,soft rock,Driving Home For Christmas,1986,241.0,2020-09-04 23:37:26,2020-09-04 23:37:26
Chris Rea,Weekend Songs,soft rock,Josephine (French Edit),2008,236.0,2020-09-04 23:37:26,2020-09-04 23:37:26
Christina Aguilera,Christina Aguilera/Stripped,dance pop,Walk Away,2002,347.0,2020-09-04 23:37:26,2020-09-04 23:37:26
Circle Jerks,Group Sex,hardcore punk,Paid Vacation,1980,88.0,2020-09-04 23:37:26,2020-09-04 23:37:26
Circle Jerks,Group Sex,hardcore punk,Group Sex,1980,63.0,2020-09-04 23:37:26,2020-09-04 23:37:26
Coldplay,Don't Panic,piano rock,Don't Panic,1999,139.0,2020-09-04 23:37:26,2020-09-04 23:37:26
Coldplay,In My Place,piano rock,One I Love,2002,274.0,2020-09-04 23:37:26,2020-09-04 23:37:26
Coldplay,Fix You,piano rock,The World Turned Upside Down,2005,269.0,2020-09-04 23:37:26,2020-09-04 23:37:26
Converge,Axe To Fall,hardcore punk,Dark Horse,2009,174.0,2020-09-04 23:37:26,2020-09-04 23:37:26
Cut Copy,Bright Like Neon Love,alternative dance,Future,2004,312.0,2020-09-04 23:37:26,2020-09-04 23:37:26
Cut Copy,In Ghost Colours,alternative dance,Unforgettable Season,2008,195.0,2020-09-04 23:37:26,2020-09-04 23:37:26
Daddy Yankee,Talento De Barrio,reggaeton,Llamado De Emergencia,2008,239.0,2020-09-04 23:37:26,2020-09-04 23:37:26
Daddy Yankee,Daddy Yankee Mundial,reggaeton,Descontrol,2010,172.0,2020-09-04 23:37:26,2020-09-04 23:37:26
Daft Punk,Homework,techno,Da Funk,1995,329.0,2020-09-04 23:37:26,2020-09-04 23:37:26
Danger Danger,Danger Danger,glam metal,Rock America,1989,292.0,2020-09-04 23:37:26,2020-09-04 23:37:26
Daniel Johnston,Continued Story / Hi_ How Are You?,power pop,Desperate Man Blues,1983,219.0,2020-09-04 23:37:26,2020-09-04 23:37:26
Dark Fortress,SA(c)ance,sympho black metal,Ghastly Indoctrination,2006,459.0,2020-09-04 23:37:26,2020-09-04 23:37:26
Dark Fortress,Ylem,sympho black metal,Evenfall,2010,336.0,2020-09-04 23:37:26,2020-09-04 23:37:26
Dark Party,Ghostly Swim,parody,Active,2008,261.0,2020-09-04 23:37:26,2020-09-04 23:37:26
Dave Hollister,Chicago '85...The Movie,motown,One Woman Man,2001,271.0,2020-09-04 23:37:26,2020-09-04 23:37:26
Dave Hollister,Things In The Game Done Changed,motown,Tell Me Why,2006,305.0,2020-09-04 23:37:26,2020-09-04 23:37:26
DAVE MATTHEWS BAND,The Gorge,jam band,The Space Between,2001,293.0,2020-09-04 23:37:26,2020-09-04 23:37:26
David Cook,David Cook,post-grunge,I Did it for You,2008,229.0,2020-09-04 23:37:26,2020-09-04 23:37:26
Dead Kennedys,Give Me Convenience or Give Me Death,rock,The Man with the Dogs,1979,182.0,2020-09-04 23:37:26,2020-09-04 23:37:26
Dead Kennedys,Milking The Sacred Cow,rock,Halloween,1982,216.0,2020-09-04 23:37:26,2020-09-04 23:37:26
Death Cab for Cutie,Narrow Stairs,dream pop,You Can Do Better Than Me (Album Version),2008,119.0,2020-09-04 23:37:26,2020-09-04 23:37:26
Death From Above 1979,You're A Woman_ I'm A Machine,indie rock,Romantic Rights,2004,195.0,2020-09-04 23:37:26,2020-09-04 23:37:26
Deep Forest,Made In Japan,chill-out,Hunting,1992,397.0,2020-09-04 23:37:26,2020-09-04 23:37:26
Deftones,Around The Fur,rap metal,Lotion (LP Version),1997,237.0,2020-09-04 23:37:26,2020-09-04 23:37:26
Deftones,White Pony,rap metal,Korea (LP Version),2000,203.0,2020-09-04 23:37:26,2020-09-04 23:37:26
Del Tha Funkee Homosapien,The Best Of Del Tha Funkee Homosapien [The Elektra Years]: The B-Boy Handbook,hip hop,Mistadobalina,1991,257.0,2020-09-04 23:37:26,2020-09-04 23:37:26
Descendents,Enjoy!,hardcore punk,Cheer,1986,183.0,2020-09-04 23:37:26,2020-09-04 23:37:26
Diamond D,Diamond,hip hop,Intro,1997,52.0,2020-09-04 23:37:26,2020-09-04 23:37:26
Dimmu Borgir,In Sorte Diaboli,black metal,The Chosen Legacy,2007,259.0,2020-09-04 23:37:26,2020-09-04 23:37:26
Dishwalla,Live&Greetings From the Flow State,post-grunge,Moisture,1995,540.0,2020-09-04 23:37:26,2020-09-04 23:37:26
Dixie Chicks,Wide Open Spaces,bluegrass,Give It Up Or Let Me Go,1998,296.0,2020-09-04 23:37:26,2020-09-04 23:37:26
Dixie Chicks,Fly,bluegrass,Hole In My Head,1999,201.0,2020-09-04 23:37:26,2020-09-04 23:37:26
Dixie Chicks,Taking The Long Way,bluegrass,Lullaby,2006,351.0,2020-09-04 23:37:26,2020-09-04 23:37:26
DMX,It's Dark And Hell Is Hot,hip hop,Damien,1998,222.0,2020-09-04 23:37:26,2020-09-04 23:37:26
Eastmountainsouth,Eastmountainsouth,alternative country,Hard Times,2003,225.0,2020-09-04 23:37:26,2020-09-04 23:37:26
Eminem,The Slim Shady LP,hip hop,Just Don't Give A Fuck,1998,242.0,2020-09-04 23:37:26,2020-09-04 23:37:26
Eminem,The Marshall Mathers LP,hip hop,The Way I Am,2000,289.0,2020-09-04 23:37:26,2020-09-04 23:37:26
Eminem,The Marshall Mathers LP,hip hop,I'm Back,2000,312.0,2020-09-04 23:37:26,2020-09-04 23:37:26
Ensiferum,Ensiferum,power metal,Hero In A Dream,1999,218.0,2020-09-04 23:37:26,2020-09-04 23:37:26
Ensiferum,Iron,power metal,Into Battle,2004,352.0,2020-09-04 23:37:26,2020-09-04 23:37:26
Eurythmics,Revenge,dance rock,Missionary Man,1986,269.0,2020-09-04 23:37:26,2020-09-04 23:37:26
Evanescence,The Open Door,alternative metal,Good Enough,2006,331.0,2020-09-04 23:37:26,2020-09-04 23:37:26
Evergreen Terrace,Burned Alive By Time,melodic hardcore,Please Hammer Don't Hurt 'Em,2002,143.0,2020-09-04 23:37:26,2020-09-04 23:37:26
Eyes Set to Kill,Reach,happy hardcore,Liar in the Glass,2006,238.0,2020-09-04 23:37:26,2020-09-04 23:37:26
Fabolous,Street Dreams,gangster rap,Change You or Change Me (Amended Version),2003,283.0,2020-09-04 23:37:26,2020-09-04 23:37:26
Fabolous,Real Talk,gangster rap,In My Hood (Explicit Album Version),2004,319.0,2020-09-04 23:37:26,2020-09-04 23:37:26
Fall Out Boy,Infinity On High,pop punk,The Carpal Tunnel Of Love,2007,203.0,2020-09-04 23:37:26,2020-09-04 23:37:26
Fall Out Boy,Alternative Summer 2009,pop punk,America's Suitehearts,2008,214.0,2020-09-04 23:37:26,2020-09-04 23:37:26
Fall Out Boy,Folie A  Deux,pop punk,(Coffee's For Closers),2008,275.0,2020-09-04 23:37:26,2020-09-04 23:37:26
Firehouse,Good Acoustics,glam metal,Don't Treat Me Bad,1990,258.0,2020-09-04 23:37:26,2020-09-04 23:37:26
First Blood,Killafornia,straight edge,Execution,2005,283.0,2020-09-04 23:37:26,2020-09-04 23:37:26
Foals,Antidotes,dance-punk,Red Socks Pugie,2008,315.0,2020-09-04 23:37:26,2020-09-04 23:37:26
Foo Fighters,Foo Fighters,grunge,X-Static,1995,253.0,2020-09-04 23:37:26,2020-09-04 23:37:26
Foo Fighters,Skin And Bones,grunge,Next Year,1999,274.0,2020-09-04 23:37:26,2020-09-04 23:37:26
Foo Fighters,ONE BY ONE,grunge,Overdrive,2002,270.0,2020-09-04 23:37:26,2020-09-04 23:37:26
Foo Fighters,In Your Honour,grunge,Still,2005,313.0,2020-09-04 23:37:26,2020-09-04 23:37:26
Fort Minor,The Rising Tied,rap metal,Introduction (Album Version),2005,43.0,2020-09-04 23:37:26,2020-09-04 23:37:26
Four Tet,There Is Love In You,electronic,Plastic People,2010,393.0,2020-09-04 23:37:26,2020-09-04 23:37:26
Franz Ferdinand,You Could Have It So Much Better,art rock,Do You Want To,2005,214.0,2020-09-04 23:37:26,2020-09-04 23:37:26
Fruko Y Sus Tesos,Soy Como Soy,salsa,A La Memoria Del Muerto,2004,261.0,2020-09-04 23:37:26,2020-09-04 23:37:26
Gene Pitney,Something's Gotten Hold of My Heart: the Collection,brill building pop,Every Breath I Take,1986,166.0,2020-09-04 23:37:26,2020-09-04 23:37:26
Ghost Machine,Ghost Machine,alternative metal,What You Made Me (Ugli),2005,201.0,2020-09-04 23:37:26,2020-09-04 23:37:26
Gipsy Kings,Greatest Hits,flamenco,Tu Quieres Volver,1987,194.0,2020-09-04 23:37:26,2020-09-04 23:37:26
Gipsy Kings,Gipsy Kings / Mosaique / Este mundo,flamenco,Camino,1989,303.0,2020-09-04 23:37:26,2020-09-04 23:37:26
Gorillaz,Gorillaz,hip hop,Rock The House (Explicit),2001,249.0,2020-09-04 23:37:26,2020-09-04 23:37:26
Gorillaz,Demon Days,hip hop,November Has Come,2005,160.0,2020-09-04 23:37:26,2020-09-04 23:37:26
Gorillaz,Demon Days,hip hop,White Light,2005,128.0,2020-09-04 23:37:26,2020-09-04 23:37:26
Gov't Mule,By a Thread,jam band,Broke Down On The Brazos (Album),2009,378.0,2020-09-04 23:37:26,2020-09-04 23:37:26
Grizzly Bear,Yellow House,folk-pop,Little Brother,2006,384.0,2020-09-04 23:37:26,2020-09-04 23:37:26
G-Unit,Hot Joints 2,rap,Poppin' Them Thangs,2003,242.0,2020-09-04 23:37:26,2020-09-04 23:37:26
Guns N' Roses,Lies / Appetite For Destruction,heavy metal,Mama Kin,1986,237.0,2020-09-04 23:37:26,2020-09-04 23:37:26
Guns N' Roses,Use Your Illusion II,heavy metal,Locomotive (Complicity),1991,524.0,2020-09-04 23:37:26,2020-09-04 23:37:26
Guns N' Roses,Chinese Democracy,heavy metal,Catcher In The Rye,2008,352.0,2020-09-04 23:37:26,2020-09-04 23:37:26
Gunther & the Sunshine Girls,Pleasure Man,europop,Teeny Weeny String Bikini,2004,240.0,2020-09-04 23:37:26,2020-09-04 23:37:26
Gwen Stefani,Love Angel Music Baby,rock,Harajuku Girls,2004,290.0,2020-09-04 23:37:26,2020-09-04 23:37:26
Gym Class Heroes,The Papercut Chronicles,hip hop,To Bob Ross With Love (Album Version),2005,158.0,2020-09-04 23:37:26,2020-09-04 23:37:26
Helmet,Betty,rapcore,Street Crab,1994,212.0,2020-09-04 23:37:26,2020-09-04 23:37:26
Hot Chip,Made In The Dark,dance rock,Hold On,2008,381.0,2020-09-04 23:37:26,2020-09-04 23:37:26
Incubus,Live in Malaysia 2004,funk metal,Just A Phase,2001,353.0,2020-09-04 23:37:26,2020-09-04 23:37:26
It Dies Today,Sirens,post-hardcore,Sixth of June,2007,184.0,2020-09-04 23:37:26,2020-09-04 23:37:26
Jack Johnson,Brushfire Fairytales,rock,Fortunate Fool,2000,228.0,2020-09-04 23:37:26,2020-09-04 23:37:26
Jack Johnson,Sleep Through The Static,rock,Adrift,2008,236.0,2020-09-04 23:37:26,2020-09-04 23:37:26
Jack Johnson,Sleep Through The Static: Remixed,rock,Monsoon,2008,264.0,2020-09-04 23:37:26,2020-09-04 23:37:26
Jack Johnson,You And Your Heart,rock,You And Your Heart,2010,196.0,2020-09-04 23:37:26,2020-09-04 23:37:26
Janis Joplin,Janis,blues-rock,Maybe,1969,246.0,2020-09-04 23:37:26,2020-09-04 23:37:26
Jason Mraz,Selections For Friends,alternative rock,Song For A Friend (Live From Montalvo),2007,740.0,2020-09-04 23:37:26,2020-09-04 23:37:26
Jeff Beck,Original Album Classics,blues-rock,Head For Backstage Pass,1976,163.0,2020-09-04 23:37:26,2020-09-04 23:37:26
Jennifer Lopez,J.Lo,dance pop,Play,2001,211.0,2020-09-04 23:37:26,2020-09-04 23:37:26
Jennifer Lopez,This Is Me...Then,dance pop,Still,2002,220.0,2020-09-04 23:37:26,2020-09-04 23:37:26
Jimi Hendrix,Valleys Of Neptune,blues-rock,Fire,1969,192.0,2020-09-04 23:37:26,2020-09-04 23:37:26
Jimi Hendrix,Valleys Of Neptune,blues-rock,Hear My Train A Comin',1989,449.0,2020-09-04 23:37:26,2020-09-04 23:37:26
Joe Bonamassa,Had To Cry Today,blues-rock,When She Dances,2004,293.0,2020-09-04 23:37:26,2020-09-04 23:37:26
Joe Bonamassa,Black Rock,blues-rock,I Know A Place,2010,258.0,2020-09-04 23:37:26,2020-09-04 23:37:26
Josh Groban,Live At The Greek,pop rock,Mi Morena (Revised Live Version),2004,286.0,2020-09-04 23:37:26,2020-09-04 23:37:26
Juelz Santana,What The Game's Been Missing!,rap,Lil' Boy Fresh,2005,233.0,2020-09-04 23:37:26,2020-09-04 23:37:26
Kanye West,Late Registration,hip hop,Skit #2 (Kanye West/Late Registration),2005,31.0,2020-09-04 23:37:26,2020-09-04 23:37:26
Kanye West,808s & Heartbreak,hip hop,Street Lights,2008,189.0,2020-09-04 23:37:26,2020-09-04 23:37:26
Kelly Clarkson,All I Ever Wanted,teen pop,Cry,2009,214.0,2020-09-04 23:37:26,2020-09-04 23:37:26
Kings Of Leon,Youth & Young Manhood,southern rock,Genius,2003,168.0,2020-09-04 23:37:26,2020-09-04 23:37:26
Kings Of Leon,Holy Roller Novocaine,southern rock,Wicker Chair,2003,187.0,2020-09-04 23:37:26,2020-09-04 23:37:26
Kings Of Leon,Aha Shake Heartbreak,southern rock,Day Old Blues,2004,212.0,2020-09-04 23:37:26,2020-09-04 23:37:26
Kings Of Leon,Because Of The Times,southern rock,Ragoo,2007,181.0,2020-09-04 23:37:26,2020-09-04 23:37:26
Klaus Badelt,Pirates Of The Caribbean Original Soundtrack,chill-out,Moonlight Serenade,2003,128.0,2020-09-04 23:37:26,2020-09-04 23:37:26
KMD,Bl_ck B_st_rds,grime,Get-U-Now,2001,147.0,2020-09-04 23:37:26,2020-09-04 23:37:26
KT Tunstall,Eye To The Telescope,folk-pop,Under The Weather,2004,216.0,2020-09-04 23:37:26,2020-09-04 23:37:26
Kurupt,Tha Streetz Iz A Mutha,gangster rap,Girls All Pause,1999,207.0,2020-09-04 23:37:26,2020-09-04 23:37:26
Led Zeppelin,Led Zeppelin III,blues-rock,Immigrant Song (Album Version),1970,145.0,2020-09-04 23:37:26,2020-09-04 23:37:26
Leon Russell,Retrospective,blues-rock,Out In The Woods,1976,218.0,2020-09-04 23:37:26,2020-09-04 23:37:26
Leona Naess,Leona Naess,chanson,Star Signs,2003,292.0,2020-09-04 23:37:26,2020-09-04 23:37:26
Leona Naess,Heavy Like Sunday,chanson,Heavy Like Sunday,2008,179.0,2020-09-04 23:37:26,2020-09-04 23:37:26
Les Rythmes Digitales feat. Nik Kershaw,Off The Wall - Ten Years of Wall of Sound,big beat,Sometimes,1999,297.0,2020-09-04 23:37:26,2020-09-04 23:37:26
Life Long Tragedy,Runaways,melodic hardcore,Collecting Dust,2008,204.0,2020-09-04 23:37:26,2020-09-04 23:37:26
Lighthouse Family,The Very Best Of,blue-eyed soul,Ocean Drive,1995,241.0,2020-09-04 23:37:26,2020-09-04 23:37:26
Lighthouse Family,The Very Best Of,blue-eyed soul,Run,2001,241.0,2020-09-04 23:37:26,2020-09-04 23:37:26
Lily Allen,It's Not Me_ It's You,ska,Everyone's At It,2009,277.0,2020-09-04 23:37:26,2020-09-04 23:37:26
Linkin Park,Hybrid Theory,rap metal,Crawling (Album Version),2000,208.0,2020-09-04 23:37:26,2020-09-04 23:37:26
Lisa Lynne,Daughters Of the Celtic Moon: A Windham Hill Collection featuring Lisa Lynne,chill-out,Lake Of Dreams,1998,298.0,2020-09-04 23:37:26,2020-09-04 23:37:26
Lisa Lynne,Seasons Of The Soul,chill-out,Isla del Luna,1999,316.0,2020-09-04 23:37:26,2020-09-04 23:37:26
Lisa Lynne,Maiden's Prayer,chill-out,Still I Will,2001,261.0,2020-09-04 23:37:26,2020-09-04 23:37:26
Lit,A Place In The Sun,post-grunge,Lovely Day,1999,246.0,2020-09-04 23:37:26,2020-09-04 23:37:26
Little Brother,LeftBack,hip hop,Second Chances feat. Bilal & Darien Brockington,2010,245.0,2020-09-04 23:37:26,2020-09-04 23:37:26
Little Eva,The Loco-Motion,pop rock,The Loco-Motion,1962,145.0,2020-09-04 23:37:26,2020-09-04 23:37:26
Luke Bryan,Doin' My Thing,country rock,What Country Is,2009,192.0,2020-09-04 23:37:26,2020-09-04 23:37:26
M83,M83,shoegaze,I'm Happy She Said,2001,1071.0,2020-09-04 23:37:26,2020-09-04 23:37:26
M83,Before The Dawn Heals Us,shoegaze,Let Men Burn Stars,2005,116.0,2020-09-04 23:37:26,2020-09-04 23:37:26
M83,Saturdays = Youth,shoegaze,You Appearing,2008,219.0,2020-09-04 23:37:26,2020-09-04 23:37:26
Madonna,Celebration,dance pop,Into The Groove,1985,285.0,2020-09-04 23:37:26,2020-09-04 23:37:26
Madonna,Celebration,dance pop,Papa Don't Preach,1986,269.0,2020-09-04 23:37:26,2020-09-04 23:37:26
Mago de Oz,Gaia II,folk rock,Desde mi cielo,2005,380.0,2020-09-04 23:37:26,2020-09-04 23:37:26
MAom,Nightly Cares,glitch,Nightly Cares,2004,249.0,2020-09-04 23:37:26,2020-09-04 23:37:26
Mariah Carey,Greatest Hits,dance pop,Honey,1997,301.0,2020-09-04 23:37:26,2020-09-04 23:37:26
Maroon 5,Songs About Jane,pop,Harder To Breathe,2002,173.0,2020-09-04 23:37:26,2020-09-04 23:37:26
Maroon 5,Songs About Jane,pop,Through With You,2002,181.0,2020-09-04 23:37:26,2020-09-04 23:37:26
Mastodon,Call of the Mastodon,alternative metal,Shadows That Move,2001,233.0,2020-09-04 23:37:26,2020-09-04 23:37:26
Mastodon,Leviathan,alternative metal,Megalodon,2004,262.0,2020-09-04 23:37:26,2020-09-04 23:37:26
MC5,High Time,garage rock,Miss X (LP Version),1971,307.0,2020-09-04 23:37:26,2020-09-04 23:37:26
Melvins,Nude With Boots,sludge metal,Nude With Boots,2008,217.0,2020-09-04 23:37:26,2020-09-04 23:37:26
Metallica,Some Kind Of Monster,speed metal,Hit The Lights,1982,252.0,2020-09-04 23:37:26,2020-09-04 23:37:26
Mindy McCready,Super Hits,female vocalist,Guys Do It All The Time,1996,192.0,2020-09-04 23:37:26,2020-09-04 23:37:26
Minipop,A New Hope,dream pop,Fingerprints,2007,163.0,2020-09-04 23:37:26,2020-09-04 23:37:26
Modern Lovers,Live at the longbranch and more,art rock,She cracked,1976,260.0,2020-09-04 23:37:26,2020-09-04 23:37:26
Modeselektor,Hello Mom!,techno,Tetrispack,2005,256.0,2020-09-04 23:37:26,2020-09-04 23:37:26
Moonspell,Second Skin,sympho black metal,Sacred,1997,313.0,2020-09-04 23:37:26,2020-09-04 23:37:26
Motograter,Motograter,post-grunge,Red (Main Version),2003,226.0,2020-09-04 23:37:26,2020-09-04 23:37:26
Mouth Of The Architect,111,doom metal,Harboring An Apparition,2006,475.0,2020-09-04 23:37:26,2020-09-04 23:37:26
My Chemical Romance,Three Cheers For Sweet Revenge,emo,Interlude (Album Version),2004,57.0,2020-09-04 23:37:26,2020-09-04 23:37:26
Neil Diamond,Play Me: The Complete Uni Studio Recordings...Plus!,soft rock,Song Sung Blue,1972,194.0,2020-09-04 23:37:26,2020-09-04 23:37:26
New Order,Technique [Collector's Edition],alternative dance,Guilty Partner,1989,288.0,2020-09-04 23:37:26,2020-09-04 23:37:26
Nick Jonas & The Administration,Who I Am,blues-rock,State of Emergency,2010,214.0,2020-09-04 23:37:26,2020-09-04 23:37:26
Nickelback,NOW (That's What I Call Music) 22,alternative metal,Savin' Me,2005,217.0,2020-09-04 23:37:26,2020-09-04 23:37:26
Nickelback,Dark Horse,alternative metal,If Today Was Your Last Day (Album Version),2008,248.0,2020-09-04 23:37:26,2020-09-04 23:37:26
Nickelback featuring Kid Rock,Charlie's Angels: Full Throttle (Music From The Motion Picture),alternative metal,Saturday Night's Alright (For Fighting),2003,223.0,2020-09-04 23:37:26,2020-09-04 23:37:26
Nightwish,Dark Passion Play,sympho black metal,The Poet And The Pendulum,2007,834.0,2020-09-04 23:37:26,2020-09-04 23:37:26
NOFX,White Trash ......,punk,Stickin In My Eye,1992,144.0,2020-09-04 23:37:26,2020-09-04 23:37:26
Ol' Dirty Bastard,Return To The 36 Chambers: The Dirty Version,hip hop,Hippa To Da Hoppa [Explicit Version],1995,181.0,2020-09-04 23:37:26,2020-09-04 23:37:26
Olga TaA+-A3n,100% Merengue,merengue,Como Olvidar (Merengue VersiA3n),2006,279.0,2020-09-04 23:37:26,2020-09-04 23:37:26
Orbital,Snivilisation,techno,Forever,1994,478.0,2020-09-04 23:37:26,2020-09-04 23:37:26
Orbital,In Sides,techno,Adnans,1999,521.0,2020-09-04 23:37:26,2020-09-04 23:37:26
Orbital,The Middle Of Nowhere,techno,I Don't Know You People,1999,467.0,2020-09-04 23:37:26,2020-09-04 23:37:26
Orbital,The Altogether,techno,Illuminate,2001,327.0,2020-09-04 23:37:26,2020-09-04 23:37:26
Otis Spann,Spanning A Lifetime,piano blues,Evil Ways,1989,233.0,2020-09-04 23:37:26,2020-09-04 23:37:26
OutKast,Southernplayalisticadillacmuzik,dirty south rap,Call Of Da Wild,1994,366.0,2020-09-04 23:37:26,2020-09-04 23:37:26
OutKast,ATLiens,dirty south rap,Wailin',1996,118.0,2020-09-04 23:37:26,2020-09-04 23:37:26
Panic! At The Disco,A Fever You Can't Sweat Out,pop punk,I Constantly Thank God For Esteban (Album Version),2005,210.0,2020-09-04 23:37:26,2020-09-04 23:37:26
Patti Smith,Gone Again,rock,Wing,1996,293.0,2020-09-04 23:37:26,2020-09-04 23:37:26
Patti Smith,Gung Ho,rock,Lo and Beholden,2000,283.0,2020-09-04 23:37:26,2020-09-04 23:37:26
Paul Stanley,Paul Stanley,hard rock,Move On,1978,191.0,2020-09-04 23:37:26,2020-09-04 23:37:26
Pearl Jam,Riot Act,grunge,You Are,2002,268.0,2020-09-04 23:37:26,2020-09-04 23:37:26
Pennywise,Fuse_ The,melodic hardcore,Yell Out,2005,154.0,2020-09-04 23:37:26,2020-09-04 23:37:26
Pennywise,Fuse_ The,melodic hardcore,Lies,2005,242.0,2020-09-04 23:37:26,2020-09-04 23:37:26
Pete Rock & C.L. Smooth,Mecca And The Soul Brother,jazz rap,They Reminisce Over You (Single Version),1992,286.0,2020-09-04 23:37:26,2020-09-04 23:37:26
Phil Collins,Hits,soft rock,One More Night,1985,285.0,2020-09-04 23:37:26,2020-09-04 23:37:26
Phil Collins,Love Songs,soft rock,Two Hearts,1988,204.0,2020-09-04 23:37:26,2020-09-04 23:37:26
Pink Floyd,Obscured By Clouds,art rock,The Gold It's In The ... (1996 Digital Remaster),1972,188.0,2020-09-04 23:37:26,2020-09-04 23:37:26
Placebo,Black Market Music,british pop,Slave To The Wage,2000,246.0,2020-09-04 23:37:26,2020-09-04 23:37:26
Placebo,Sleeping With Ghosts,british pop,English Summer Rain,2003,241.0,2020-09-04 23:37:26,2020-09-04 23:37:26
Placebo,Covers,british pop,Where Is My Mind (XFM Live Version),2003,223.0,2020-09-04 23:37:26,2020-09-04 23:37:26
Placebo,The Bitter End,british pop,Evalia,2003,260.0,2020-09-04 23:37:26,2020-09-04 23:37:26
Placebo,The Never Ending Why,british pop,Hardly Wait,2009,180.0,2020-09-04 23:37:26,2020-09-04 23:37:26
Porcupine Tree,On The Sunday Of Life,experimental rock,Music For The Head,1991,162.0,2020-09-04 23:37:26,2020-09-04 23:37:26
Porcupine Tree,Signify (Special Edition),experimental rock,Waiting,1997,416.0,2020-09-04 23:37:26,2020-09-04 23:37:26
Porcupine Tree,In Absentia,experimental rock,Strip The Soul (album version),2002,441.0,2020-09-04 23:37:26,2020-09-04 23:37:26
Porcupine Tree,The Incident,experimental rock,Remember Me Lover (Album Version),2009,454.0,2020-09-04 23:37:26,2020-09-04 23:37:26
Public Image Ltd,Metal Box,dance rock,The Suit,1979,209.0,2020-09-04 23:37:26,2020-09-04 23:37:26
Public Image Ltd,Valse Avec Bachir,dance rock,This Is Not A Love Song,1983,251.0,2020-09-04 23:37:26,2020-09-04 23:37:26
Public Image Ltd,This Is What You Want . . . This Is What You Get,dance rock,The Order Of Death,1984,288.0,2020-09-04 23:37:26,2020-09-04 23:37:26
Queens Of The Stone Age,Songs For The Deaf,stoner metal,Everybody's Gonna Be Happy,2002,155.0,2020-09-04 23:37:26,2020-09-04 23:37:26
Queens Of The Stone Age,Lullabies To Paralyze,stoner metal,I Never Came,2005,288.0,2020-09-04 23:37:26,2020-09-04 23:37:26
Queens Of The Stone Age,Lullabies To Paralyze,stoner metal,This Lullaby,2005,82.0,2020-09-04 23:37:26,2020-09-04 23:37:26
Radio Moscow,Brain Cycles,blues-rock,Broke Down,2009,255.0,2020-09-04 23:37:26,2020-09-04 23:37:26
Radiohead,Fake Plastic Trees,british pop,Bullet Proof ... I Wish I Was (Acoustic),1995,214.0,2020-09-04 23:37:26,2020-09-04 23:37:26
Radiohead,OK Computer (Collector's Edition),british pop,Subterranean Homesick Alien,1997,267.0,2020-09-04 23:37:26,2020-09-04 23:37:26
Randy Travis,Storms Of Life,country gospel,On The Other Hand (Album Version),1986,186.0,2020-09-04 23:37:26,2020-09-04 23:37:26
Red Hot Chili Peppers,Blood Sugar Sex Magik,rap rock,Naked In The Rain (Album Version),1991,265.0,2020-09-04 23:37:26,2020-09-04 23:37:26
Red Hot Chili Peppers,Blood Sugar Sex Magik,rap rock,The Greeting Song (Album Version),1991,193.0,2020-09-04 23:37:26,2020-09-04 23:37:26
Red Hot Chili Peppers,Californication,rap rock,Parallel Universe (Album Version),1999,269.0,2020-09-04 23:37:26,2020-09-04 23:37:26
Red Hot Chili Peppers,Californication,rap rock,Emit Remmus (Album Version),1999,240.0,2020-09-04 23:37:26,2020-09-04 23:37:26
Red Hot Chili Peppers,By The Way,rap rock,Venice Queen (Album Version),2002,367.0,2020-09-04 23:37:26,2020-09-04 23:37:26
Redman,Whut? The Album,hip hop,Jam 4 U,1992,185.0,2020-09-04 23:37:26,2020-09-04 23:37:26
Richard Hell & The Voidoids,Blank Generation,no wave,Another World (Album Version),1977,494.0,2020-09-04 23:37:26,2020-09-04 23:37:26
Rick Astley,Big Tunes - Back 2 The 80s,dance pop,Never Gonna Give You Up,1987,211.0,2020-09-04 23:37:26,2020-09-04 23:37:26
RIDDLIN' KIDS,Stop The World,power pop,Stop The World,2004,195.0,2020-09-04 23:37:26,2020-09-04 23:37:26
Rihanna,Good Girl Gone Bad: Reloaded,dance pop,Good Girl Gone Bad,2007,213.0,2020-09-04 23:37:26,2020-09-04 23:37:26
Rise Against,Siren Song Of The Counter-Culture,hardcore punk,Swing Life Away,2003,200.0,2020-09-04 23:37:26,2020-09-04 23:37:26
Rise Against,Revolutions Per Minute,hardcore punk,Amber Changing,2003,218.0,2020-09-04 23:37:26,2020-09-04 23:37:26
Rise Against,The Sufferer & The Witness,hardcore punk,Intro/Chamber The Cartridge,2006,214.0,2020-09-04 23:37:26,2020-09-04 23:37:26
Robert Palmer,Gold,blue-eyed soul,Looking For Clues,1980,299.0,2020-09-04 23:37:26,2020-09-04 23:37:26
RyanDan,Ryan Dan,neoclassical,Wind Beneath My Wings,2007,255.0,2020-09-04 23:37:26,2020-09-04 23:37:26
Sade,Soldier of Love,quiet storm,Morning Bird,2010,234.0,2020-09-04 23:37:26,2020-09-04 23:37:26
Salt-N-Pepa,Ultimate Girl Groups,pop rap,Push It,1988,207.0,2020-09-04 23:37:26,2020-09-04 23:37:26
Saosin,Saosin EP,alternative metal,Bury Your Head,2005,212.0,2020-09-04 23:37:26,2020-09-04 23:37:26
Scar Symmetry,Nuclear Blast Showdown 2006,death metal,The Illusionist,2006,271.0,2020-09-04 23:37:26,2020-09-04 23:37:26
Scar Symmetry,Pitch Black Progress,death metal,Abstracted,2006,204.0,2020-09-04 23:37:26,2020-09-04 23:37:26
Scar Symmetry,Holographic Universe,death metal,The Three-Dimensional Shadow,2008,237.0,2020-09-04 23:37:26,2020-09-04 23:37:26
Sean Kingston,Face Drop,reggae,Face Drop,2009,184.0,2020-09-04 23:37:26,2020-09-04 23:37:26
Semisonic,20th Century Masters: The Millennium Collection: Best Of Semisonic,post-grunge,Secret Smile,1998,280.0,2020-09-04 23:37:26,2020-09-04 23:37:26
Set Your Goals,This Will Be The Death Of Us,pop punk,the fallen...,2009,204.0,2020-09-04 23:37:26,2020-09-04 23:37:26
Set Your Goals,This Will Be The Death Of Us,pop punk,summer jam,2009,185.0,2020-09-04 23:37:26,2020-09-04 23:37:26
Seventh Day Slumber,Once Upon A Shattered Life,christian rock,Shattered Life,2005,209.0,2020-09-04 23:37:26,2020-09-04 23:37:26
Sex Pistols,Jubilee,punk,Pretty Vacant,1977,194.0,2020-09-04 23:37:26,2020-09-04 23:37:26
Sex Pistols,Spunk,punk,Seventeen,1977,129.0,2020-09-04 23:37:26,2020-09-04 23:37:26
Shadows Fall,The War Within,power metal,What Drives The Weak,2004,283.0,2020-09-04 23:37:26,2020-09-04 23:37:26
Shai Hulud,Misanthropy Pure,math-core,We Who Finish Last,2008,188.0,2020-09-04 23:37:26,2020-09-04 23:37:26
Shakira,El Amor En Los Tiempos del Colera (Love In The Time Of Cholera),dance pop,Pienso En Ti,1995,148.0,2020-09-04 23:37:26,2020-09-04 23:37:26
Shakira,Laundry Service,dance pop,Poem To A Horse,2001,246.0,2020-09-04 23:37:26,2020-09-04 23:37:26
Shamen,Boss Drum (album),tech house,Phorever People,1992,292.0,2020-09-04 23:37:26,2020-09-04 23:37:26
Sick Of It All,Based On A True Story,hardcore punk,Death Or Jail,2010,171.0,2020-09-04 23:37:26,2020-09-04 23:37:26
Sick Puppies,Tri-polar (Edited),post-grunge,Master Of The Universe,2009,212.0,2020-09-04 23:37:26,2020-09-04 23:37:26
Silverchair,Freak Show,post-grunge,The Door,1997,213.0,2020-09-04 23:37:26,2020-09-04 23:37:26
Silverstein,Discovering The Waterfront,post-hardcore,Defend You (Album Version),2005,208.0,2020-09-04 23:37:26,2020-09-04 23:37:26
Simply Red,Stars [Expanded],pop rock,Thrill Me,1991,303.0,2020-09-04 23:37:26,2020-09-04 23:37:26
Simply Red,Life,pop rock,Fairground (+ Sample),1995,333.0,2020-09-04 23:37:26,2020-09-04 23:37:26
Sister Hazel,...Somewhere More Familiar,post-grunge,Think About Me,1997,188.0,2020-09-04 23:37:26,2020-09-04 23:37:26
Skeletonwitch,Beyond the Permafrost,speed metal,Within My Blood,2004,252.0,2020-09-04 23:37:26,2020-09-04 23:37:26
Snow Patrol,Final Straw,indie rock,Wow,2003,242.0,2020-09-04 23:37:26,2020-09-04 23:37:26
Snow Patrol,Final Straw,indie rock,Half The Fun,2004,174.0,2020-09-04 23:37:26,2020-09-04 23:37:26
Snow Patrol,Eyes Open,indie rock,In My Arms,2006,276.0,2020-09-04 23:37:26,2020-09-04 23:37:26
Snow Patrol,Just Say Yes,indie rock,Just Say Yes,2009,284.0,2020-09-04 23:37:26,2020-09-04 23:37:26
Spooky Tooth,That Was Only Yesterday - An Introduction To,blues-rock,Evil Woman,1969,545.0,2020-09-04 23:37:26,2020-09-04 23:37:26
Spooky Tooth / Mike Harrison,That Was Only Yesterday - An Introduction To,blues-rock,I Am The Walrus,1970,384.0,2020-09-04 23:37:26,2020-09-04 23:37:26
Static-X,Shadow Zone,industrial metal,Transmission (Album Version),2003,98.0,2020-09-04 23:37:26,2020-09-04 23:37:26
Stevie Ray Vaughan And Double Trouble,In Step,texas blues,The House Is Rockin',1994,168.0,2020-09-04 23:37:26,2020-09-04 23:37:26
Stevie Ray Vaughan And Double Trouble,Martin Scorsese Presents The Blues: Stevie Ray Vaughan,texas blues,Empty Arms,1996,184.0,2020-09-04 23:37:26,2020-09-04 23:37:26
Stone Temple Pilots,Thank You,grunge,Down (LP Version),2003,228.0,2020-09-04 23:37:26,2020-09-04 23:37:26
Strata,Strata Presents The End Of The World,post-grunge,Night Falls (The Weight Of It),2007,201.0,2020-09-04 23:37:26,2020-09-04 23:37:26
Suicidal Tendencies,The Art Of Rebellion,hardcore punk,Monopoly On Sorrow,1992,312.0,2020-09-04 23:37:26,2020-09-04 23:37:26
System of a Down,System Of A Down,alternative metal,War?,1996,160.0,2020-09-04 23:37:26,2020-09-04 23:37:26
System of a Down,Steal This Album!,alternative metal,Streamline,2001,217.0,2020-09-04 23:37:26,2020-09-04 23:37:26
Tad,8-Way Santa,grunge,Stumblin' Man (Album),1991,215.0,2020-09-04 23:37:26,2020-09-04 23:37:26
Taking Back Sunday,Where You Want To Be,post-hardcore,I Am Fred Astaire (Album Version),2004,223.0,2020-09-04 23:37:26,2020-09-04 23:37:26
Taking Back Sunday,Louder Now,post-hardcore,Spin (Album Version),2006,219.0,2020-09-04 23:37:26,2020-09-04 23:37:26
Taste,On The Boards,blues-rock,On The Boards,1970,362.0,2020-09-04 23:37:26,2020-09-04 23:37:26
Taylor Swift,Fearless,country,The Way I Loved You,2008,245.0,2020-09-04 23:37:26,2020-09-04 23:37:26
Tech N9ne,Alpha Dog,gangster rap,Caribou Lou,2006,274.0,2020-09-04 23:37:26,2020-09-04 23:37:26
Teenage Fanclub,Howdy!,power pop,The Sun Shines From You,2000,204.0,2020-09-04 23:37:26,2020-09-04 23:37:26
Temple Of The Dog,Temple Of The Dog,grunge,Hunger Strike,1991,243.0,2020-09-04 23:37:26,2020-09-04 23:37:26
Tesla,Five Man Acoustical Jam,hard rock,The Way It Is,1989,390.0,2020-09-04 23:37:26,2020-09-04 23:37:26
Tesla,Gold,hard rock,Caught In A Dream,2004,290.0,2020-09-04 23:37:26,2020-09-04 23:37:26
The Ataris,Welcome The Night,pop punk,Secret Handshakes,2006,222.0,2020-09-04 23:37:26,2020-09-04 23:37:26
The B-52's,The B52's,dance rock,Wig,1986,261.0,2020-09-04 23:37:26,2020-09-04 23:37:26
The Beatles / Tony Sheridan,Total 60s,merseybeat,Ain't She Sweet,1964,130.0,2020-09-04 23:37:26,2020-09-04 23:37:26
The Black Crowes,Amorica,blues-rock,Nonfiction,1994,256.0,2020-09-04 23:37:26,2020-09-04 23:37:26
The Cardigans,Gran Turismo,twee pop,Paralyzed,1998,296.0,2020-09-04 23:37:26,2020-09-04 23:37:26
The Cars,The Squid And The Whale,new wave,Drive,1984,234.0,2020-09-04 23:37:26,2020-09-04 23:37:26
The Clash,London Calling / Combat Rock,new wave,Inoculated City,1982,130.0,2020-09-04 23:37:26,2020-09-04 23:37:26
The Crystal Method,Keep Hope Alive EP,big beat,Keep Hope Alive,1995,341.0,2020-09-04 23:37:26,2020-09-04 23:37:26
The Dillinger Escape Plan,Option Paralysis,math-core,Parasitic Twins,2010,281.0,2020-09-04 23:37:26,2020-09-04 23:37:26
The Distillers,The Distillers,grunge,Oh Serena,2000,152.0,2020-09-04 23:37:26,2020-09-04 23:37:26
The Exciters,Reaching For The Best,all-female,Reaching For The Best,1994,194.0,2020-09-04 23:37:26,2020-09-04 23:37:26
The Exies,Inertia,post-grunge,Creeper Kamikaze,2003,201.0,2020-09-04 23:37:26,2020-09-04 23:37:26
The Fray,How To Save A Life,piano rock,Vienna,2002,231.0,2020-09-04 23:37:26,2020-09-04 23:37:26
The Fray,The Fray,piano rock,Absolute,2009,227.0,2020-09-04 23:37:26,2020-09-04 23:37:26
The Jeff Healey Band,Master Hits,blues-rock,See The Light,1988,267.0,2020-09-04 23:37:26,2020-09-04 23:37:26
The Jeff Healey Band,LIVE AT MONTREUX,blues-rock,My Little Girl,1988,223.0,2020-09-04 23:37:26,2020-09-04 23:37:26
The Jeff Healey Band,Legacy:Volume One,blues-rock,It Could All Get Blown Away,1992,283.0,2020-09-04 23:37:26,2020-09-04 23:37:26
The Killers,Day & Age,rock,A Dustland Fairytale,2008,225.0,2020-09-04 23:37:26,2020-09-04 23:37:26
The Maine,Can't Stop Won't Stop,power pop,You Left Me,2008,209.0,2020-09-04 23:37:26,2020-09-04 23:37:26
The Mars Volta,Inertiatic Esp,experimental rock,Inertiatic Esp,2003,266.0,2020-09-04 23:37:26,2020-09-04 23:37:26
The Mars Volta,Deloused in the Comatorium,experimental rock,Eriatarka,2003,380.0,2020-09-04 23:37:26,2020-09-04 23:37:26
The Mars Volta,Deloused in the Comatorium,experimental rock,Take The Veil Cerpin Taxt,2003,521.0,2020-09-04 23:37:26,2020-09-04 23:37:26
The Misfits,Collection 2,horror punk,Halloween II,1981,133.0,2020-09-04 23:37:26,2020-09-04 23:37:26
The Misfits,American Psycho,horror punk,Dig Up Her Bones,1997,181.0,2020-09-04 23:37:26,2020-09-04 23:37:26
The Prodigy,Put Your Hands Up! 4,hardcore techno,Firestarter,1996,225.0,2020-09-04 23:37:26,2020-09-04 23:37:26
The Radio Department,Marie Antoinette (Original Motion Picture Soundtrack),shoegaze,I Don't Like It Like This,2005,248.0,2020-09-04 23:37:26,2020-09-04 23:37:26
The Radio Dept.,Freddie And The Trojan Horse,shoegaze,Closing Scene,2007,256.0,2020-09-04 23:37:26,2020-09-04 23:37:26
The Robert Cray Band,The Definitive Collection,blues-rock,Bad Influence,1983,173.0,2020-09-04 23:37:26,2020-09-04 23:37:26
The Rolling Stones,Exile On Main St,blues,Rocks Off,1972,272.0,2020-09-04 23:37:26,2020-09-04 23:37:26
The Smashing Pumpkins,Siamese Dream,alternative rock,Rocket,1993,246.0,2020-09-04 23:37:26,2020-09-04 23:37:26
The Strokes,Room On Fire,indie rock,Between Love & Hate,2003,191.0,2020-09-04 23:37:26,2020-09-04 23:37:26
The Strokes,Room On Fire,indie rock,Meet Me In The Bathroom,2003,177.0,2020-09-04 23:37:26,2020-09-04 23:37:26
The Tragically Hip,90s Rock Gold,roots rock,Ahead By A Century,1996,225.0,2020-09-04 23:37:26,2020-09-04 23:37:26
The Vaughan Brothers,Family Style,blues-rock,Good Texan,1990,262.0,2020-09-04 23:37:26,2020-09-04 23:37:26
The Vaughan Brothers;Stevie Ray Vaughan;Jimmy Vaughan,The Essential Stevie Ray Vaughan And Double Trouble,blues-rock,Telephone Song,1990,208.0,2020-09-04 23:37:26,2020-09-04 23:37:26
The Velvet Underground,The Velvet Underground Story 2CD Set,experimental rock,Stephanie Says,1985,170.0,2020-09-04 23:37:26,2020-09-04 23:37:26
The White Stripes,Blue Orchid,blues-rock,Blue Orchid,2005,160.0,2020-09-04 23:37:26,2020-09-04 23:37:26
The White Stripes,Icky Thump,blues-rock,A Martyr For My Love For You,2007,259.0,2020-09-04 23:37:26,2020-09-04 23:37:26
The White Stripes,Icky Thump,blues-rock,Im Slowly Turning Into You,2007,274.0,2020-09-04 23:37:26,2020-09-04 23:37:26
This Is Hell,Misfortunes,post-hardcore,RECKLESS,2008,119.0,2020-09-04 23:37:26,2020-09-04 23:37:26
This Is Hell,Misfortunes,post-hardcore,REALIZATION: REMORSE,2008,106.0,2020-09-04 23:37:26,2020-09-04 23:37:26
Thrice,The Illusion of Safety,post-hardcore,Betrayal Is A Symptom,2002,169.0,2020-09-04 23:37:26,2020-09-04 23:37:26
Thrice,The Artist In The Ambulance,post-hardcore,All That's Left,2003,201.0,2020-09-04 23:37:26,2020-09-04 23:37:26
Thrice,Live At The House Of Blues,post-hardcore,The Earth Will Shake,2005,329.0,2020-09-04 23:37:26,2020-09-04 23:37:26
Thrice,Live At The House Of Blues,post-hardcore,The Earth Isn't Humming,2008,349.0,2020-09-04 23:37:26,2020-09-04 23:37:26
Till West & DJ Delicious,Ministry of Sound Presents 100,funky house,Same Man,2006,153.0,2020-09-04 23:37:26,2020-09-04 23:37:26
Tim Hughes,Happy Day,modern rock,Dance,2007,268.0,2020-09-04 23:37:26,2020-09-04 23:37:26
Timo Maas featuring MC Chikaboo,Loud,progressive house,Shifter,2002,333.0,2020-09-04 23:37:26,2020-09-04 23:37:26
Toby Love featuring Rakim & Ken-Y,Toby Love,bachata,Tengo Un Amor,2007,260.0,2020-09-04 23:37:26,2020-09-04 23:37:26
Tommy James & The Shondells,The Boat That Rocked,brill building pop,Crimson And Clover,1969,324.0,2020-09-04 23:37:26,2020-09-04 23:37:26
Tones On Tail,Everything!,dark wave,Burning Skies,1987,387.0,2020-09-04 23:37:26,2020-09-04 23:37:26
Toni Braxton,The Essential Toni Braxton,dance pop,He Wasn't Man Enough,2000,262.0,2020-09-04 23:37:26,2020-09-04 23:37:26
Tony Matterhorn,Reggae Gold 2006,reggaeton,Dutty Wine,2006,183.0,2020-09-04 23:37:26,2020-09-04 23:37:26
Trick Trick / Eminem,The People Vs.,bass music,Welcome 2 Detroit,2005,285.0,2020-09-04 23:37:26,2020-09-04 23:37:26
Ty Herndon,Big Hopes,country,A Man Holdin' On (To A Woman Lettin' Go),1998,217.0,2020-09-04 23:37:26,2020-09-04 23:37:26
Tyrone Wells,Hold On,folk-pop,Need,2005,204.0,2020-09-04 23:37:26,2020-09-04 23:37:26
Tyrone Wells,Hold On,folk-pop,Baby Don't You Change,2005,252.0,2020-09-04 23:37:26,2020-09-04 23:37:26
U2,No Line On The Horizon,dance rock,FEZ-Being Born,2009,316.0,2020-09-04 23:37:26,2020-09-04 23:37:26
unloco,Healing,alternative metal,Reckoning (Album Version),2001,205.0,2020-09-04 23:37:26,2020-09-04 23:37:26
unloco,Healing,alternative metal,Bystander (Album Version),2001,362.0,2020-09-04 23:37:26,2020-09-04 23:37:26
unloco,Healing,alternative metal,Nothing (Album Version),2001,163.0,2020-09-04 23:37:26,2020-09-04 23:37:26
Usher,Raymond v Raymond,hip hop,Hey Daddy (Daddy's Home),2010,224.0,2020-09-04 23:37:26,2020-09-04 23:37:26
V V Brown,LEAVE!,neo soul,LEAVE!,2009,203.0,2020-09-04 23:37:26,2020-09-04 23:37:26
Van Halen,Jump / House Of Pain [Digital 45],heavy metal,House Of Pain,1983,199.0,2020-09-04 23:37:26,2020-09-04 23:37:26
Van Halen,Van Halen III,heavy metal,From Afar (Album Version),1998,324.0,2020-09-04 23:37:26,2020-09-04 23:37:26
Vilma Palma e Vampiros,Vilma Palma e Vampiros_ grandes exitos,cumbia,Verano traidor,1993,411.0,2020-09-04 23:37:26,2020-09-04 23:37:26
Vixen,Vixen,gabba,One Night Alone,1988,229.0,2020-09-04 23:37:26,2020-09-04 23:37:26
Vixen,Vixen,gabba,American Dream,1988,259.0,2020-09-04 23:37:26,2020-09-04 23:37:26
Wang Chung,80s Triple Set,pop rock,Dance Hall Days,1983,234.0,2020-09-04 23:37:26,2020-09-04 23:37:26
Weezer,The Green Album,pop rock,Don't Let Go,2001,180.0,2020-09-04 23:37:26,2020-09-04 23:37:26
Weezer,Maladroit,pop rock,Dope Nose,2002,137.0,2020-09-04 23:37:26,2020-09-04 23:37:26
Weezer,Weezer (Rarities Edition),pop rock,Mykel And Carli,2004,172.0,2020-09-04 23:37:26,2020-09-04 23:37:26
Weezer,Raditude,pop rock,I Don't Want To Let You Go,2009,228.0,2020-09-04 23:37:26,2020-09-04 23:37:26
Whitesnake,Whitesnake's Greatest Hits,blues-rock,Fool For Your Loving,1980,250.0,2020-09-04 23:37:26,2020-09-04 23:37:26
Winds Of Plague,Decimate The Weak,death metal,Origins And Endings,2008,270.0,2020-09-04 23:37:26,2020-09-04 23:37:26
Wolfmother,Dane Cook's Tourgasm Soundtrack,stoner metal,Dimension,2004,260.0,2020-09-04 23:37:26,2020-09-04 23:37:26
Yellowcard,Ocean Avenue,rock,One Year_ Six Months,2003,208.0,2020-09-04 23:37:26,2020-09-04 23:37:26
Zeromancer,Eurotrash,industrial rock,Send Me An Angel,2001,236.0,2020-09-04 23:37:26,2020-09-04 23:37:26
Zeromancer,Sinners International,industrial rock,Ammonite,2009,362.0,2020-09-04 23:37:26,2020-09-04 23:37:26
Zeromancer,The Death Of Romance,industrial rock,The Death Of Romance,2010,207.0,2020-09-04 23:37:26,2020-09-04 23:37:26
Zeromancer,The Death Of Romance,industrial rock,V,2010,280.0,2020-09-04 23:37:26,2020-09-04 23:37:26
,,,,,,,
,,,,,,,
,,,,,,,
,,,,,,,
,,,,,,,
,,,,,,,
,,,,,,,
,,,,,,,
,,,,,,,
,,,,,,,
,,,,,,,
,,,,,,,
,,,,,,,
,,,,,,,
,,,,,,,
,,,,,,,
,,,,,,,
,,,,,,,
,,,,,,,
,,,,,,,
,,,,,,,
,,,,,,,
,,,,,,,
,,,,,,,
,,,,,,,
,,,,,,,
,,,,,,,
,,,,,,,
,,,,,,,
,,,,,,,
,,,,,,,
,,,,,,,
,,,,,,,
,,,,,,,
,,,,,,,
,,,,,,,
,,,,,,,
,,,,,,,
,,,,,,,
,,,,,,,
,,,,,,,
,,,,,,,
,,,,,,,
,,,,,,,
,,,,,,,
,,,,,,,
,,,,,,,
,,,,,,,
,,,,,,,
,,,,,,,
,,,,,,,
,,,,,,,
,,,,,,,
,,,,,,,
,,,,,,,
,,,,,,,
,,,,,,,
,,,,,,,
,,,,,,,
,,,,,,,
,,,,,,,
,,,,,,,
,,,,,,,
,,,,,,,
,,,,,,,
,,,,,,,
,,,,,,,
,,,,,,,
,,,,,,,
,,,,,,,
,,,,,,,
,,,,,,,
,,,,,,,
,,,,,,,
,,,,,,,
,,,,,,,
,,,,,,,
,,,,,,,
,,,,,,,
,,,,,,,
,,,,,,,
,,,,,,,
,,,,,,,
,,,,,,,
,,,,,,,
,,,,,,,
,,,,,,,
,,,,,,,
,,,,,,,
,,,,,,,
,,,,,,,
,,,,,,,
,,,,,,,
,,,,,,,
,,,,,,,
,,,,,,,
,,,,,,,
,,,,,,,
,,,,,,,
,,,,,,,
,,,,,,,
,,,,,,,
,,,,,,,
,,,,,,,
,,,,,,,
,,,,,,,
,,,,,,,
,,,,,,,
,,,,,,,
,,,,,,,
,,,,,,,
,,,,,,,
,,,,,,,
,,,,,,,
,,,,,,,
,,,,,,,
,,,,,,,
,,,,,,,
,,,,,,,
,,,,,,,
,,,,,,,
,,,,,,,
,,,,,,,
,,,,,,,
,,,,,,,
,,,,,,,
,,,,,,,
,,,,,,,
,,,,,,,
,,,,,,,
,,,,,,,
,,,,,,,
,,,,,,,
,,,,,,,
,,,,,,,
,,,,,,,
,,,,,,,
,,,,,,,
,,,,,,,
,,,,,,,
,,,,,,,
,,,,,,,
,,,,,,,
,,,,,,,
,,,,,,,
,,,,,,,
,,,,,,,
,,,,,,,
,,,,,,,
,,,,,,,
,,,,,,,
,,,,,,,
,,,,,,,
,,,,,,,
,,,,,,,
,,,,,,,
,,,,,,,
,,,,,,,
,,,,,,,
,,,,,,,
,,,,,,,
,,,,,,,
,,,,,,,
,,,,,,,
,,,,,,,
,,,,,,,
,,,,,,,
,,,,,,,
,,,,,,,
,,,,,,,
,,,,,,,
,,,,,,,
,,,,,,,
,,,,,,,
,,,,,,,
,,,,,,,
,,,,,,,
,,,,,,,
,,,,,,,
,,,,,,,
,,,,,,,
,,,,,,,
,,,,,,,
,,,,,,,
,,,,,,,
,,,,,,,
,,,,,,,
,,,,,,,
,,,,,,,
,,,,,,,
,,,,,,,
,,,,,,,
,,,,,,,
,,,,,,,
,,,,,,,
,,,,,,,
,,,,,,,
,,,,,,,
,,,,,,,
,,,,,,,
,,,,,,,
,,,,,,,
,,,,,,,
,,,,,,,
,,,,,,,
,,,,,,,
,,,,,,,
,,,,,,,
,,,,,,,
,,,,,,,
,,,,,,,
,,,,,,,
,,,,,,,
,,,,,,,
,,,,,,,
,,,,,,,
,,,,,,,
,,,,,,,
,,,,,,,
,,,,,,,
,,,,,,,
,,,,,,,
,,,,,,,
,,,,,,,
,,,,,,,
,,,,,,,
,,,,,,,
,,,,,,,
,,,,,,,
,,,,,,,
,,,,,,,
,,,,,,,
,,,,,,,
,,,,,,,
,,,,,,,
,,,,,,,
,,,,,,,
,,,,,,,
,,,,,,,
,,,,,,,
,,,,,,,
,,,,,,,
,,,,,,,
,,,,,,,
,,,,,,,
,,,,,,,
,,,,,,,
,,,,,,,
,,,,,,,
,,,,,,,
,,,,,,,
,,,,,,,
,,,,,,,
,,,,,,,
,,,,,,,
,,,,,,,
,,,,,,,
,,,,,,,
,,,,,,,
,,,,,,,
,,,,,,,
,,,,,,,
,,,,,,,
,,,,,,,
,,,,,,,
,,,,,,,
,,,,,,,
,,,,,,,
,,,,,,,
,,,,,,,
,,,,,,,
,,,,,,,
,,,,,,,
,,,,,,,
,,,,,,,
,,,,,,,
,,,,,,,
,,,,,,,
,,,,,,,
,,,,,,,
,,,,,,,
,,,,,,,
,,,,,,,
,,,,,,,
,,,,,,,
,,,,,,,
,,,,,,,
,,,,,,,
,,,,,,,
,,,,,,,
,,,,,,,
,,,,,,,
,,,,,,,
,,,,,,,
,,,,,,,
,,,,,,,
,,,,,,,
,,,,,,,
,,,,,,,
,,,,,,,
,,,,,,,
,,,,,,,
,,,,,,,
,,,,,,,
,,,,,,,
,,,,,,,
,,,,,,,
,,,,,,,
,,,,,,,
,,,,,,,
,,,,,,,
,,,,,,,
,,,,,,,
,,,,,,,
,,,,,,,
,,,,,,,
,,,,,,,
,,,,,,,
,,,,,,,
,,,,,,,
,,,,,,,
,,,,,,,
,,,,,,,
,,,,,,,
,,,,,,,
,,,,,,,
,,,,,,,
,,,,,,,
,,,,,,,
,,,,,,,
,,,,,,,
,,,,,,,
,,,,,,,
,,,,,,,
,,,,,,,
,,,,,,,
,,,,,,,
,,,,,,,
,,,,,,,
,,,,,,,
,,,,,,,
,,,,,,,
,,,,,,,
,,,,,,,
,,,,,,,
,,,,,,,
,,,,,,,
,,,,,,,
,,,,,,,
,,,,,,,
,,,,,,,
,,,,,,,
,,,,,,,
,,,,,,,
,,,,,,,
,,,,,,,
,,,,,,,
,,,,,,,
,,,,,,,
,,,,,,,
,,,,,,,
,,,,,,,
,,,,,,,
,,,,,,,
,,,,,,,
,,,,,,,
,,,,,,,
,,,,,,,
,,,,,,,
,,,,,,,
,,,,,,,
,,,,,,,
,,,,,,,
,,,,,,,
,,,,,,,
,,,,,,,
,,,,,,,
,,,,,,,
,,,,,,,
,,,,,,,
,,,,,,,
,,,,,,,
,,,,,,,
,,,,,,,
,,,,,,,
,,,,,,,
,,,,,,,
,,,,,,,
,,,,,,,
,,,,,,,
,,,,,,,
,,,,,,,
,,,,,,,
,,,,,,,
,,,,,,,
,,,,,,,
,,,,,,,
,,,,,,,
,,,,,,,
,,,,,,,
,,,,,,,
,,,,,,,
,,,,,,,
,,,,,,,
,,,,,,,
,,,,,,,
,,,,,,,
,,,,,,,
,,,,,,,
,,,,,,,
,,,,,,,
,,,,,,,
,,,,,,,
,,,,,,,
,,,,,,,
,,,,,,,
,,,,,,,
,,,,,,,
,,,,,,,
,,,,,,,
,,,,,,,
,,,,,,,
,,,,,,,
,,,,,,,
,,,,,,,
,,,,,,,
,,,,,,,
,,,,,,,
,,,,,,,
,,,,,,,
,,,,,,,
,,,,,,,
,,,,,,,
,,,,,,,
,,,,,,,
,,,,,,,
,,,,,,,
,,,,,,,
,,,,,,,
,,,,,,,
,,,,,,,
,,,,,,,
,,,,,,,
,,,,,,,
,,,,,,,
,,,,,,,
,,,,,,,
,,,,,,,
,,,,,,,
,,,,,,,
,,,,,,,
,,,,,,,
,,,,,,,
,,,,,,,
,,,,,,,
,,,,,,,
,,,,,,,
,,,,,,,
,,,,,,,
,,,,,,,
,,,,,,,
,,,,,,,
,,,,,,,
,,,,,,,
,,,,,,,
,,,,,,,
,,,,,,,
,,,,,,,
,,,,,,,
,,,,,,,
,,,,,,,
,,,,,,,
,,,,,,,
,,,,,,,
,,,,,,,
,,,,,,,
,,,,,,,
,,,,,,,
,,,,,,,
,,,,,,,
,,,,,,,
,,,,,,,
,,,,,,,
,,,,,,,
,,,,,,,
,,,,,,,
,,,,,,,
,,,,,,,
,,,,,,,
,,,,,,,
,,,,,,,
,,,,,,,
,,,,,,,
,,,,,,,
,,,,,,,
,,,,,,,
,,,,,,,
,,,,,,,
,,,,,,,
,,,,,,,
,,,,,,,
,,,,,,,
,,,,,,,
,,,,,,,
,,,,,,,
,,,,,,,
,,,,,,,
,,,,,,,
,,,,,,,
,,,,,,,
,,,,,,,
,,,,,,,
,,,,,,,
,,,,,,,
,,,,,,,
,,,,,,,
,,,,,,,
,,,,,,,
,,,,,,,
,,,,,,,
,,,,,,,
,,,,,,,
,,,,,,,
,,,,,,,
,,,,,,,
,,,,,,,
,,,,,,,
,,,,,,,
,,,,,,,
,,,,,,,
,,,,,,,
,,,,,,,
,,,,,,,
,,,,,,,
,,,,,,,
,,,,,,,
,,,,,,,
,,,,,,,
,,,,,,,
,,,,,,,
,,,,,,,
,,,,,,,
,,,,,,,
,,,,,,,
,,,,,,,
,,,,,,,
,,,,,,,
,,,,,,,
,,,,,,,
,,,,,,,
,,,,,,,
,,,,,,,
,,,,,,,
,,,,,,,
,,,,,,,
,,,,,,,
,,,,,,,
,,,,,,,
,,,,,,,
,,,,,,,
,,,,,,,
,,,,,,,
,,,,,,,
,,,,,,,
,,,,,,,
,,,,,,,
,,,,,,,
,,,,,,,
,,,,,,,
,,,,,,,
,,,,,,,
,,,,,,,
,,,,,,,
,,,,,,,
,,,,,,,
,,,,,,,
,,,,,,,
,,,,,,,
,,,,,,,
,,,,,,,
,,,,,,,
,,,,,,,
,,,,,,,
,,,,,,,
,,,,,,,
,,,,,,,
,,,,,,,
,,,,,,,
,,,,,,,
,,,,,,,
,,,,,,,
,,,,,,,
,,,,,,,
,,,,,,,
,,,,,,,
,,,,,,,
,,,,,,,
,,,,,,,
,,,,,,,
,,,,,,,
,,,,,,,
,,,,,,,
,,,,,,,
,,,,,,,
,,,,,,,
,,,,,,,
,,,,,,,
,,,,,,,
,,,,,,,
,,,,,,,
,,,,,,,
,,,,,,,
,,,,,,,
,,,,,,,
,,,,,,,
,,,,,,,
,,,,,,,
,,,,,,,
,,,,,,,
,,,,,,,
,,,,,,,
,,,,,,,
,,,,,,,
,,,,,,,
,,,,,,,
,,,,,,,
,,,,,,,
,,,,,,,
,,,,,,,
,,,,,,,
,,,,,,,
,,,,,,,
,,,,,,,
,,,,,,,
,,,,,,,
,,,,,,,
,,,,,,,
,,,,,,,
,,,,,,,
,,,,,,,
,,,,,,,
,,,,,,,
,,,,,,,
,,,,,,,
,,,,,,,
,,,,,,,
,,,,,,,
,,,,,,,
,,,,,,,
,,,,,,,
,,,,,,,
,,,,,,,
,,,,,,,
,,,,,,,
,,,,,,,
,,,,,,,
,,,,,,,
,,,,,,,
,,,,,,,
,,,,,,,
,,,,,,,
,,,,,,,
,,,,,,,
,,,,,,,
,,,,,,,
,,,,,,,
,,,,,,,
,,,,,,,
,,,,,,,
,,,,,,,
,,,,,,,
,,,,,,,
,,,,,,,
,,,,,,,
,,,,,,,
,,,,,,,
,,,,,,,
,,,,,,,
,,,,,,,
,,,,,,,
,,,,,,,
,,,,,,,
,,,,,,,
,,,,,,,
,,,,,,,
,,,,,,,
,,,,,,,
,,,,,,,
,,,,,,,
,,,,,,,
,,,,,,,
,,,,,,,
,,,,,,,
,,,,,,,
,,,,,,,
,,,,,,,
,,,,,,,
,,,,,,,
,,,,,,,
,,,,,,,
,,,,,,,
,,,,,,,
,,,,,,,
,,,,,,,
,,,,,,,
,,,,,,,
,,,,,,,
,,,,,,,
,,,,,,,
,,,,,,,
,,,,,,,
,,,,,,,
,,,,,,,
,,,,,,,
,,,,,,,
,,,,,,,
,,,,,,,
,,,,,,,
,,,,,,,
,,,,,,,
,,,,,,,
,,,,,,,
,,,,,,,
,,,,,,,
,,,,,,,
,,,,,,,
,,,,,,,
,,,,,,,
,,,,,,,
,,,,,,,
,,,,,,,
,,,,,,,
,,,,,,,
,,,,,,,
,,,,,,,
,,,,,,,
,,,,,,,
,,,,,,,
,,,,,,,
,,,,,,,
,,,,,,,
,,,,,,,
,,,,,,,
,,,,,,,
,,,,,,,
,,,,,,,
,,,,,,,
,,,,,,,
,,,,,,,
,,,,,,,
,,,,,,,
,,,,,,,
,,,,,,,
,,,,,,,
,,,,,,,
,,,,,,,
,,,,,,,
,,,,,,,
,,,,,,,
,,,,,,,
,,,,,,,
,,,,,,,
,,,,,,,
,,,,,,,
,,,,,,,
,,,,,,,
,,,,,,,
,,,,,,,
,,,,,,,
,,,,,,,
,,,,,,,
,,,,,,,
,,,,,,,
,,,,,,,
,,,,,,,
,,,,,,,
,,,,,,,
,,,,,,,
,,,,,,,
,,,,,,,
,,,,,,,
,,,,,,,
,,,,,,,
,,,,,,,
,,,,,,,
,,,,,,,
,,,,,,,
,,,,,,,
,,,,,,,
,,,,,,,
,,,,,,,
,,,,,,,
,,,,,,,
,,,,,,,
,,,,,,,
,,,,,,,
,,,,,,,
,,,,,,,
,,,,,,,
,,,,,,,
,,,,,,,
,,,,,,,
,,,,,,,
,,,,,,,
,,,,,,,
,,,,,,,
,,,,,,,
,,,,,,,
,,,,,,,
,,,,,,,
,,,,,,,
,,,,,,,
,,,,,,,
,,,,,,,
,,,,,,,
,,,,,,,
,,,,,,,
,,,,,,,
,,,,,,,
,,,,,,,
,,,,,,,
,,,,,,,
,,,,,,,
,,,,,,,
,,,,,,,
,,,,,,,
,,,,,,,
,,,,,,,
,,,,,,,
,,,,,,,
,,,,,,,
,,,,,,,
,,,,,,,
,,,,,,,
,,,,,,,
,,,,,,,
,,,,,,,
,,,,,,,
,,,,,,,
,,,,,,,
,,,,,,,
,,,,,,,
,,,,,,,
,,,,,,,
,,,,,,,
,,,,,,,
,,,,,,,
,,,,,,,
,,,,,,,
,,,,,,,
,,,,,,,
,,,,,,,
,,,,,,,
,,,,,,,
,,,,,,,
,,,,,,,
,,,,,,,
,,,,,,,
,,,,,,,
,,,,,,,
,,,,,,,
,,,,,,,
,,,,,,,
,,,,,,,
,,,,,,,
,,,,,,,
,,,,,,,
,,,,,,,
,,,,,,,
,,,,,,,
,,,,,,,
,,,,,,,
,,,,,,,
,,,,,,,
,,,,,,,
,,,,,,,
,,,,,,,
,,,,,,,
,,,,,,,
,,,,,,,
,,,,,,,
,,,,,,,
,,,,,,,
,,,,,,,
,,,,,,,
,,,,,,,
,,,,,,,
,,,,,,,
,,,,,,,
,,,,,,,
,,,,,,,
,,,,,,,
,,,,,,,
,,,,,,,
,,,,,,,
,,,,,,,
,,,,,,,
,,,,,,,
,,,,,,,
,,,,,,,
,,,,,,,
,,,,,,,
,,,,,,,
,,,,,,,
,,,,,,,
,,,,,,,
,,,,,,,
,,,,,,,
,,,,,,,
,,,,,,,
,,,,,,,
,,,,,,,
,,,,,,,
,,,,,,,
,,,,,,,
,,,,,,,
,,,,,,,
,,,,,,,
,,,,,,,
,,,,,,,
,,,,,,,
,,,,,,,
,,,,,,,
,,,,,,,
,,,,,,,
,,,,,,,
,,,,,,,
,,,,,,,
,,,,,,,
,,,,,,,
,,,,,,,
,,,,,,,
,,,,,,,
,,,,,,,
,,,,,,,
,,,,,,,
,,,,,,,
,,,,,,,
,,,,,,,
,,,,,,,
,,,,,,,
,,,,,,,
,,,,,,,
,,,,,,,
,,,,,,,
,,,,,,,
,,,,,,,
,,,,,,,
,,,,,,,
,,,,,,,
,,,,,,,
,,,,,,,
,,,,,,,
,,,,,,,
,,,,,,,
,,,,,,,
,,,,,,,
,,,,,,,
,,,,,,,
,,,,,,,
,,,,,,,
,,,,,,,
,,,,,,,
,,,,,,,
,,,,,,,
,,,,,,,
,,,,,,,
,,,,,,,
,,,,,,,
,,,,,,,
,,,,,,,
,,,,,,,
,,,,,,,
,,,,,,,
,,,,,,,
,,,,,,,
,,,,,,,
,,,,,,,
,,,,,,,
,,,,,,,
,,,,,,,
,,,,,,,
,,,,,,,
,,,,,,,
,,,,,,,
,,,,,,,
,,,,,,,
,,,,,,,
,,,,,,,
,,,,,,,
,,,,,,,
,,,,,,,
,,,,,,,
,,,,,,,
,,,,,,,
,,,,,,,
,,,,,,,
,,,,,,,
,,,,,,,
,,,,,,,
,,,,,,,
,,,,,,,
,,,,,,,
,,,,,,,
,,,,,,,
,,,,,,,
,,,,,,,
,,,,,,,
,,,,,,,
,,,,,,,
,,,,,,,
,,,,,,,
,,,,,,,
,,,,,,,
,,,,,,,
,,,,,,,
,,,,,,,
,,,,,,,
,,,,,,,
,,,,,,,
,,,,,,,
,,,,,,,
,,,,,,,
,,,,,,,
,,,,,,,
,,,,,,,
,,,,,,,
,,,,,,,
,,,,,,,
,,,,,,,
,,,,,,,
,,,,,,,
,,,,,,,
,,,,,,,
,,,,,,,
,,,,,,,
,,,,,,,
,,,,,,,
,,,,,,,
,,,,,,,
,,,,,,,
,,,,,,,
,,,,,,,
,,,,,,,
,,,,,,,
,,,,,,,
,,,,,,,
,,,,,,,
,,,,,,,
,,,,,,,
,,,,,,,
,,,,,,,
,,,,,,,
,,,,,,,
,,,,,,,
,,,,,,,
,,,,,,,
,,,,,,,
,,,,,,,
,,,,,,,
,,,,,,,
,,,,,,,
,,,,,,,
,,,,,,,
,,,,,,,
,,,,,,,
,,,,,,,
,,,,,,,
,,,,,,,
,,,,,,,
,,,,,,,
,,,,,,,
,,,,,,,
,,,,,,,
,,,,,,,
,,,,,,,
,,,,,,,
,,,,,,,
,,,,,,,
,,,,,,,
,,,,,,,
,,,,,,,
,,,,,,,
,,,,,,,
,,,,,,,
,,,,,,,
,,,,,,,
,,,,,,,
,,,,,,,
,,,,,,,
,,,,,,,
,,,,,,,
,,,,,,,
,,,,,,,
,,,,,,,
,,,,,,,
,,,,,,,
,,,,,,,
,,,,,,,
,,,,,,,
,,,,,,,
,,,,,,,
,,,,,,,
,,,,,,,
,,,,,,,
,,,,,,,
,,,,,,,
,,,,,,,
,,,,,,,
,,,,,,,
,,,,,,,
,,,,,,,
,,,,,,,
,,,,,,,
,,,,,,,
,,,,,,,
,,,,,,,
,,,,,,,
,,,,,,,
,,,,,,,
,,,,,,,
,,,,,,,
,,,,,,,
,,,,,,,
,,,,,,,
,,,,,,,
,,,,,,,
,,,,,,,
,,,,,,,
,,,,,,,
,,,,,,,
,,,,,,,
,,,,,,,
,,,,,,,
,,,,,,,
,,,,,,,
,,,,,,,
,,,,,,,
,,,,,,,
,,,,,,,
,,,,,,,
,,,,,,,
,,,,,,,
,,,,,,,
,,,,,,,
,,,,,,,
,,,,,,,
,,,,,,,
,,,,,,,
,,,,,,,
,,,,,,,
,,,,,,,
,,,,,,,
,,,,,,,
,,,,,,,
,,,,,,,
,,,,,,,
,,,,,,,
,,,,,,,
,,,,,,,
,,,,,,,
,,,,,,,
,,,,,,,
,,,,,,,
,,,,,,,
,,,,,,,
,,,,,,,
,,,,,,,
,,,,,,,
,,,,,,,
,,,,,,,
,,,,,,,
,,,,,,,
,,,,,,,
,,,,,,,
,,,,,,,
,,,,,,,
,,,,,,,
,,,,,,,
,,,,,,,
,,,,,,,
,,,,,,,
,,,,,,,
,,,,,,,
,,,,,,,
,,,,,,,
,,,,,,,
,,,,,,,
,,,,,,,
,,,,,,,
,,,,,,,
,,,,,,,
,,,,,,,
,,,,,,,
,,,,,,,
,,,,,,,
,,,,,,,
,,,,,,,
,,,,,,,
,,,,,,,
,,,,,,,
,,,,,,,
,,,,,,,
,,,,,,,
,,,,,,,
,,,,,,,
,,,,,,,
,,,,,,,
,,,,,,,
,,,,,,,
,,,,,,,
,,,,,,,
,,,,,,,
,,,,,,,
,,,,,,,
,,,,,,,
,,,,,,,
,,,,,,,
,,,,,,,
,,,,,,,
,,,,,,,
,,,,,,,
,,,,,,,
,,,,,,,
,,,,,,,
,,,,,,,
,,,,,,,
,,,,,,,
,,,,,,,
,,,,,,,
,,,,,,,
,,,,,,,
,,,,,,,
,,,,,,,
,,,,,,,
,,,,,,,
,,,,,,,
,,,,,,,
,,,,,,,
,,,,,,,
,,,,,,,
,,,,,,,
,,,,,,,
,,,,,,,
,,,,,,,
,,,,,,,
,,,,,,,
,,,,,,,
,,,,,,,
,,,,,,,
,,,,,,,
,,,,,,,
,,,,,,,
,,,,,,,
,,,,,,,
,,,,,,,
,,,,,,,
,,,,,,,
,,,,,,,
,,,,,,,
,,,,,,,
,,,,,,,
,,,,,,,
,,,,,,,
,,,,,,,
,,,,,,,
,,,,,,,
,,,,,,,
,,,,,,,
,,,,,,,
,,,,,,,
,,,,,,,
,,,,,,,
,,,,,,,
,,,,,,,
,,,,,,,
,,,,,,,
,,,,,,,
,,,,,,,
,,,,,,,
,,,,,,,
,,,,,,,
,,,,,,,
,,,,,,,
,,,,,,,
,,,,,,,
,,,,,,,
,,,,,,,
,,,,,,,
,,,,,,,
,,,,,,,
,,,,,,,
,,,,,,,
,,,,,,,
,,,,,,,
,,,,,,,
,,,,,,,
,,,,,,,
,,,,,,,
,,,,,,,
,,,,,,,
,,,,,,,
,,,,,,,
,,,,,,,
,,,,,,,
,,,,,,,
,,,,,,,
,,,,,,,
,,,,,,,
,,,,,,,
,,,,,,,
,,,,,,,
,,,,,,,
,,,,,,,
,,,,,,,
,,,,,,,
,,,,,,,
,,,,,,,
,,,,,,,
,,,,,,,
,,,,,,,
,,,,,,,
,,,,,,,
,,,,,,,
,,,,,,,
,,,,,,,
,,,,,,,
,,,,,,,
,,,,,,,
,,,,,,,
,,,,,,,
,,,,,,,
,,,,,,,
,,,,,,,
,,,,,,,
,,,,,,,
,,,,,,,
,,,,,,,
,,,,,,,
,,,,,,,
,,,,,,,
,,,,,,,
,,,,,,,
,,,,,,,
,,,,,,,
,,,,,,,
,,,,,,,
,,,,,,,
,,,,,,,
,,,,,,,
,,,,,,,
,,,,,,,
,,,,,,,
,,,,,,,
,,,,,,,
,,,,,,,
,,,,,,,
,,,,,,,
,,,,,,,
,,,,,,,
,,,,,,,
,,,,,,,
,,,,,,,
,,,,,,,
,,,,,,,
,,,,,,,
,,,,,,,
,,,,,,,
,,,,,,,
,,,,,,,
,,,,,,,
,,,,,,,
,,,,,,,
,,,,,,,
,,,,,,,
,,,,,,,
,,,,,,,
,,,,,,,
,,,,,,,
,,,,,,,
,,,,,,,
,,,,,,,
,,,,,,,
,,,,,,,
,,,,,,,
,,,,,,,
,,,,,,,
,,,,,,,
,,,,,,,
,,,,,,,
,,,,,,,
,,,,,,,
,,,,,,,
,,,,,,,
,,,,,,,
,,,,,,,
,,,,,,,
,,,,,,,
,,,,,,,
,,,,,,,
,,,,,,,
,,,,,,,
,,,,,,,
,,,,,,,
,,,,,,,
,,,,,,,
,,,,,,,
,,,,,,,
,,,,,,,
,,,,,,,
,,,,,,,
,,,,,,,
,,,,,,,
,,,,,,,
,,,,,,,
,,,,,,,
,,,,,,,
,,,,,,,
,,,,,,,
,,,,,,,
,,,,,,,
,,,,,,,
,,,,,,,
,,,,,,,
,,,,,,,
,,,,,,,
,,,,,,,
,,,,,,,
,,,,,,,
,,,,,,,
,,,,,,,
,,,,,,,
,,,,,,,
,,,,,,,
,,,,,,,
,,,,,,,
,,,,,,,
,,,,,,,
,,,,,,,
,,,,,,,
,,,,,,,
,,,,,,,
,,,,,,,
,,,,,,,
,,,,,,,
,,,,,,,
,,,,,,,
,,,,,,,
,,,,,,,
,,,,,,,
,,,,,,,
,,,,,,,
,,,,,,,
,,,,,,,
,,,,,,,
,,,,,,,
,,,,,,,
,,,,,,,
,,,,,,,
,,,,,,,
,,,,,,,
,,,,,,,
,,,,,,,
,,,,,,,
,,,,,,,
,,,,,,,
,,,,,,,
,,,,,,,
,,,,,,,
,,,,,,,
,,,,,,,
,,,,,,,
,,,,,,,
,,,,,,,
,,,,,,,
,,,,,,,
,,,,,,,
,,,,,,,
,,,,,,,
,,,,,,,
,,,,,,,
,,,,,,,
,,,,,,,
,,,,,,,
,,,,,,,
,,,,,,,
,,,,,,,
,,,,,,,
,,,,,,,
,,,,,,,
,,,,,,,
,,,,,,,
,,,,,,,
,,,,,,,
,,,,,,,
,,,,,,,
,,,,,,,
,,,,,,,
,,,,,,,
,,,,,,,
,,,,,,,
,,,,,,,
,,,,,,,
,,,,,,,
,,,,,,,
,,,,,,,
,,,,,,,
,,,,,,,
,,,,,,,
,,,,,,,
,,,,,,,
,,,,,,,
,,,,,,,
,,,,,,,
,,,,,,,
,,,,,,,
,,,,,,,
,,,,,,,
,,,,,,,
,,,,,,,
,,,,,,,
,,,,,,,
,,,,,,,
,,,,,,,
,,,,,,,
,,,,,,,
,,,,,,,
,,,,,,,
,,,,,,,
,,,,,,,
,,,,,,,
,,,,,,,
,,,,,,,
,,,,,,,
,,,,,,,
,,,,,,,
,,,,,,,
,,,,,,,
,,,,,,,
,,,,,,,
,,,,,,,
,,,,,,,
,,,,,,,
,,,,,,,
,,,,,,,
,,,,,,,
,,,,,,,
,,,,,,,
,,,,,,,
,,,,,,,
,,,,,,,
,,,,,,,
,,,,,,,
,,,,,,,
,,,,,,,
,,,,,,,
,,,,,,,
,,,,,,,
,,,,,,,
,,,,,,,
,,,,,,,
,,,,,,,
,,,,,,,
,,,,,,,
,,,,,,,
,,,,,,,
,,,,,,,
,,,,,,,
,,,,,,,
,,,,,,,
,,,,,,,
,,,,,,,
,,,,,,,
,,,,,,,
,,,,,,,
,,,,,,,
,,,,,,,
,,,,,,,
,,,,,,,
,,,,,,,
,,,,,,,
,,,,,,,
,,,,,,,
,,,,,,,
,,,,,,,
,,,,,,,
,,,,,,,
,,,,,,,
,,,,,,,
,,,,,,,
,,,,,,,
,,,,,,,
,,,,,,,
,,,,,,,
,,,,,,,
,,,,,,,
,,,,,,,
,,,,,,,
,,,,,,,
,,,,,,,
,,,,,,,
,,,,,,,
,,,,,,,
,,,,,,,
,,,,,,,
,,,,,,,
,,,,,,,
,,,,,,,
,,,,,,,
,,,,,,,
,,,,,,,
,,,,,,,
,,,,,,,
,,,,,,,
,,,,,,,
,,,,,,,
,,,,,,,
,,,,,,,
,,,,,,,
,,,,,,,
,,,,,,,
,,,,,,,
,,,,,,,
,,,,,,,
,,,,,,,
,,,,,,,
,,,,,,,
,,,,,,,
,,,,,,,
,,,,,,,
,,,,,,,
,,,,,,,
,,,,,,,
,,,,,,,
,,,,,,,
,,,,,,,
,,,,,,,
,,,,,,,
,,,,,,,
,,,,,,,
,,,,,,,
,,,,,,,
,,,,,,,
,,,,,,,
,,,,,,,
,,,,,,,
,,,,,,,
,,,,,,,
,,,,,,,
,,,,,,,
,,,,,,,
,,,,,,,
,,,,,,,
,,,,,,,
,,,,,,,
,,,,,,,
,,,,,,,
,,,,,,,
,,,,,,,
,,,,,,,
,,,,,,,
,,,,,,,
,,,,,,,
,,,,,,,
,,,,,,,
,,,,,,,
,,,,,,,
,,,,,,,
,,,,,,,
,,,,,,,
,,,,,,,
,,,,,,,
,,,,,,,
,,,,,,,
,,,,,,,
,,,,,,,
,,,,,,,
,,,,,,,
,,,,,,,
,,,,,,,
,,,,,,,
,,,,,,,
,,,,,,,
,,,,,,,
,,,,,,,
,,,,,,,
,,,,,,,
,,,,,,,
,,,,,,,
,,,,,,,
,,,,,,,
,,,,,,,
,,,,,,,
,,,,,,,
,,,,,,,
,,,,,,,
,,,,,,,
,,,,,,,
,,,,,,,
,,,,,,,
,,,,,,,
,,,,,,,
,,,,,,,
,,,,,,,
,,,,,,,
,,,,,,,
,,,,,,,
,,,,,,,
,,,,,,,
,,,,,,,
,,,,,,,
,,,,,,,
,,,,,,,
,,,,,,,
,,,,,,,
,,,,,,,
,,,,,,,
,,,,,,,
,,,,,,,
,,,,,,,
,,,,,,,
,,,,,,,
,,,,,,,
,,,,,,,
,,,,,,,
,,,,,,,
,,,,,,,
,,,,,,,
,,,,,,,
,,,,,,,
,,,,,,,
,,,,,,,
,,,,,,,
,,,,,,,
,,,,,,,
,,,,,,,
,,,,,,,
,,,,,,,
,,,,,,,
,,,,,,,
,,,,,,,
,,,,,,,
,,,,,,,
,,,,,,,
,,,,,,,
,,,,,,,
,,,,,,,
,,,,,,,
,,,,,,,
,,,,,,,
,,,,,,,
,,,,,,,
,,,,,,,
,,,,,,,
,,,,,,,
,,,,,,,
,,,,,,,
,,,,,,,
,,,,,,,
,,,,,,,
,,,,,,,
,,,,,,,
,,,,,,,
,,,,,,,
,,,,,,,
,,,,,,,
,,,,,,,
,,,,,,,
,,,,,,,
,,,,,,,
,,,,,,,
,,,,,,,
,,,,,,,
,,,,,,,
,,,,,,,
,,,,,,,
,,,,,,,
,,,,,,,
,,,,,,,
,,,,,,,
,,,,,,,
,,,,,,,
,,,,,,,
,,,,,,,
,,,,,,,
,,,,,,,
,,,,,,,
,,,,,,,
,,,,,,,
,,,,,,,
,,,,,,,
,,,,,,,
,,,,,,,
,,,,,,,
,,,,,,,
,,,,,,,
,,,,,,,
,,,,,,,
,,,,,,,
,,,,,,,
,,,,,,,
,,,,,,,
,,,,,,,
,,,,,,,
,,,,,,,
,,,,,,,
,,,,,,,
,,,,,,,
,,,,,,,
,,,,,,,
,,,,,,,
,,,,,,,
,,,,,,,
,,,,,,,
,,,,,,,
,,,,,,,
,,,,,,,
,,,,,,,
,,,,,,,
,,,,,,,
,,,,,,,
,,,,,,,
,,,,,,,
,,,,,,,
,,,,,,,
,,,,,,,
,,,,,,,
,,,,,,,
,,,,,,,
,,,,,,,
,,,,,,,
,,,,,,,
,,,,,,,
,,,,,,,
,,,,,,,
,,,,,,,
,,,,,,,
,,,,,,,
,,,,,,,
,,,,,,,
,,,,,,,
,,,,,,,
,,,,,,,
,,,,,,,
,,,,,,,
,,,,,,,
,,,,,,,
,,,,,,,
,,,,,,,
,,,,,,,
,,,,,,,
,,,,,,,
,,,,,,,
,,,,,,,
,,,,,,,
,,,,,,,
,,,,,,,
,,,,,,,
,,,,,,,
,,,,,,,
,,,,,,,
,,,,,,,
,,,,,,,
,,,,,,,
,,,,,,,
,,,,,,,
,,,,,,,
,,,,,,,
,,,,,,,
,,,,,,,
,,,,,,,
,,,,,,,
,,,,,,,
,,,,,,,
,,,,,,,
,,,,,,,
,,,,,,,
,,,,,,,
,,,,,,,
,,,,,,,
,,,,,,,
,,,,,,,
,,,,,,,
,,,,,,,
,,,,,,,
,,,,,,,
,,,,,,,
,,,,,,,
,,,,,,,
,,,,,,,
,,,,,,,
,,,,,,,
,,,,,,,
,,,,,,,
,,,,,,,
,,,,,,,
,,,,,,,
,,,,,,,
,,,,,,,
,,,,,,,
,,,,,,,
,,,,,,,
,,,,,,,
,,,,,,,
,,,,,,,
,,,,,,,
,,,,,,,
,,,,,,,
,,,,,,,
,,,,,,,
,,,,,,,
,,,,,,,
,,,,,,,
,,,,,,,
,,,,,,,
,,,,,,,
,,,,,,,
,,,,,,,
,,,,,,,
,,,,,,,
,,,,,,,
,,,,,,,
,,,,,,,
,,,,,,,
,,,,,,,
,,,,,,,
,,,,,,,
,,,,,,,
,,,,,,,
,,,,,,,
,,,,,,,
,,,,,,,
,,,,,,,
,,,,,,,
,,,,,,,
,,,,,,,
,,,,,,,
,,,,,,,
,,,,,,,
,,,,,,,
,,,,,,,
,,,,,,,
,,,,,,,
,,,,,,,
,,,,,,,
,,,,,,,
,,,,,,,
,,,,,,,
,,,,,,,
,,,,,,,
,,,,,,,
,,,,,,,
,,,,,,,
,,,,,,,
,,,,,,,
,,,,,,,
,,,,,,,
,,,,,,,
,,,,,,,
,,,,,,,
,,,,,,,
,,,,,,,
,,,,,,,
,,,,,,,
,,,,,,,
,,,,,,,
,,,,,,,
,,,,,,,
,,,,,,,
,,,,,,,
,,,,,,,
,,,,,,,
,,,,,,,
,,,,,,,
,,,,,,,
,,,,,,,
,,,,,,,
,,,,,,,
,,,,,,,
,,,,,,,
,,,,,,,
,,,,,,,
,,,,,,,
,,,,,,,
,,,,,,,
,,,,,,,
,,,,,,,
,,,,,,,
,,,,,,,
,,,,,,,
,,,,,,,
,,,,,,,
,,,,,,,
,,,,,,,
,,,,,,,
,,,,,,,
,,,,,,,
,,,,,,,
,,,,,,,
,,,,,,,
,,,,,,,
,,,,,,,
,,,,,,,
,,,,,,,
,,,,,,,
,,,,,,,
,,,,,,,
,,,,,,,
,,,,,,,
,,,,,,,
,,,,,,,
,,,,,,,
,,,,,,,
,,,,,,,
,,,,,,,
,,,,,,,
,,,,,,,
,,,,,,,
,,,,,,,
,,,,,,,
,,,,,,,
,,,,,,,
,,,,,,,
,,,,,,,
,,,,,,,
,,,,,,,
,,,,,,,
,,,,,,,
,,,,,,,
,,,,,,,
,,,,,,,
,,,,,,,
,,,,,,,
,,,,,,,
,,,,,,,
,,,,,,,
,,,,,,,
,,,,,,,
,,,,,,,
,,,,,,,
,,,,,,,
,,,,,,,
,,,,,,,
,,,,,,,
,,,,,,,
,,,,,,,
,,,,,,,
,,,,,,,
,,,,,,,
,,,,,,,
,,,,,,,
,,,,,,,
,,,,,,,
,,,,,,,
,,,,,,,
,,,,,,,
,,,,,,,
,,,,,,,
,,,,,,,
,,,,,,,
,,,,,,,
,,,,,,,
,,,,,,,
,,,,,,,
,,,,,,,
,,,,,,,
,,,,,,,
,,,,,,,
,,,,,,,
,,,,,,,
,,,,,,,
,,,,,,,
,,,,,,,
,,,,,,,
,,,,,,,
,,,,,,,
,,,,,,,
,,,,,,,
,,,,,,,
,,,,,,,
,,,,,,,
,,,,,,,
,,,,,,,
,,,,,,,
,,,,,,,
,,,,,,,
,,,,,,,
,,,,,,,
,,,,,,,
,,,,,,,
,,,,,,,
,,,,,,,
,,,,,,,
,,,,,,,
,,,,,,,
,,,,,,,
,,,,,,,
,,,,,,,
,,,,,,,
,,,,,,,
,,,,,,,
,,,,,,,
,,,,,,,
,,,,,,,
,,,,,,,
,,,,,,,
,,,,,,,
,,,,,,,
,,,,,,,
,,,,,,,
,,,,,,,
,,,,,,,
,,,,,,,
,,,,,,,
,,,,,,,
,,,,,,,
,,,,,,,
,,,,,,,
,,,,,,,
,,,,,,,
,,,,,,,
,,,,,,,
,,,,,,,
,,,,,,,
,,,,,,,
,,,,,,,
,,,,,,,
,,,,,,,
,,,,,,,
,,,,,,,
,,,,,,,
,,,,,,,
,,,,,,,
,,,,,,,
,,,,,,,
,,,,,,,
,,,,,,,
,,,,,,,
,,,,,,,
,,,,,,,
,,,,,,,
,,,,,,,
,,,,,,,
,,,,,,,
,,,,,,,
,,,,,,,
,,,,,,,
,,,,,,,
,,,,,,,
,,,,,,,
,,,,,,,
,,,,,,,
,,,,,,,
,,,,,,,
,,,,,,,
,,,,,,,
,,,,,,,
,,,,,,,
,,,,,,,
,,,,,,,
,,,,,,,
,,,,,,,
,,,,,,,
,,,,,,,
,,,,,,,
,,,,,,,
,,,,,,,
,,,,,,,
,,,,,,,
,,,,,,,
,,,,,,,
,,,,,,,
,,,,,,,
,,,,,,,
,,,,,,,
,,,,,,,
,,,,,,,
,,,,,,,
,,,,,,,
,,,,,,,
,,,,,,,
,,,,,,,
,,,,,,,
,,,,,,,
,,,,,,,
,,,,,,,
,,,,,,,
,,,,,,,
,,,,,,,
,,,,,,,
,,,,,,,
,,,,,,,
,,,,,,,
,,,,,,,
,,,,,,,
,,,,,,,
,,,,,,,
,,,,,,,
,,,,,,,
,,,,,,,
,,,,,,,
,,,,,,,
,,,,,,,
,,,,,,,
,,,,,,,
,,,,,,,
,,,,,,,
,,,,,,,
,,,,,,,
,,,,,,,
,,,,,,,
,,,,,,,
,,,,,,,
,,,,,,,
,,,,,,,
,,,,,,,
,,,,,,,
,,,,,,,
,,,,,,,
,,,,,,,
,,,,,,,
,,,,,,,
,,,,,,,
,,,,,,,
,,,,,,,
,,,,,,,
,,,,,,,
,,,,,,,
,,,,,,,
,,,,,,,
,,,,,,,
,,,,,,,
,,,,,,,
,,,,,,,
,,,,,,,
,,,,,,,
,,,,,,,
,,,,,,,
,,,,,,,
,,,,,,,
,,,,,,,
,,,,,,,
,,,,,,,
,,,,,,,
,,,,,,,
,,,,,,,
,,,,,,,
,,,,,,,
,,,,,,,
,,,,,,,
,,,,,,,
,,,,,,,
,,,,,,,
,,,,,,,
,,,,,,,
,,,,,,,
,,,,,,,
,,,,,,,
,,,,,,,
,,,,,,,
,,,,,,,
,,,,,,,
,,,,,,,
,,,,,,,
,,,,,,,
,,,,,,,
,,,,,,,
,,,,,,,
,,,,,,,
,,,,,,,
,,,,,,,
,,,,,,,
,,,,,,,
,,,,,,,
,,,,,,,
,,,,,,,
,,,,,,,
,,,,,,,
,,,,,,,
,,,,,,,
,,,,,,,
,,,,,,,
,,,,,,,
,,,,,,,
,,,,,,,
,,,,,,,
,,,,,,,
,,,,,,,
,,,,,,,
,,,,,,,
,,,,,,,
,,,,,,,
,,,,,,,
,,,,,,,
,,,,,,,
,,,,,,,
,,,,,,,
,,,,,,,
,,,,,,,
,,,,,,,
,,,,,,,
,,,,,,,
,,,,,,,
,,,,,,,
,,,,,,,
,,,,,,,
,,,,,,,
,,,,,,,
,,,,,,,
,,,,,,,
,,,,,,,
,,,,,,,
,,,,,,,
,,,,,,,
,,,,,,,
,,,,,,,
,,,,,,,
,,,,,,,
,,,,,,,
,,,,,,,
,,,,,,,
,,,,,,,
,,,,,,,
,,,,,,,
,,,,,,,
,,,,,,,
,,,,,,,
,,,,,,,
,,,,,,,
,,,,,,,
,,,,,,,
,,,,,,,
,,,,,,,
,,,,,,,
,,,,,,,
,,,,,,,
,,,,,,,
,,,,,,,
,,,,,,,
,,,,,,,
,,,,,,,
,,,,,,,
,,,,,,,
,,,,,,,
,,,,,,,
,,,,,,,
,,,,,,,
,,,,,,,
,,,,,,,
,,,,,,,
,,,,,,,
,,,,,,,
,,,,,,,
,,,,,,,
,,,,,,,
,,,,,,,
,,,,,,,
,,,,,,,
,,,,,,,
,,,,,,,
,,,,,,,
,,,,,,,
,,,,,,,
,,,,,,,
,,,,,,,
,,,,,,,
,,,,,,,
,,,,,,,
,,,,,,,
,,,,,,,
,,,,,,,
,,,,,,,
,,,,,,,
,,,,,,,
,,,,,,,
,,,,,,,
,,,,,,,
,,,,,,,
,,,,,,,
,,,,,,,
,,,,,,,
,,,,,,,
,,,,,,,
,,,,,,,
,,,,,,,
,,,,,,,
,,,,,,,
,,,,,,,
,,,,,,,
,,,,,,,
,,,,,,,
,,,,,,,
,,,,,,,
,,,,,,,
,,,,,,,
,,,,,,,
,,,,,,,
,,,,,,,
,,,,,,,
,,,,,,,
,,,,,,,
,,,,,,,
,,,,,,,
,,,,,,,
,,,,,,,
,,,,,,,
,,,,,,,
,,,,,,,
,,,,,,,
,,,,,,,
,,,,,,,
,,,,,,,
,,,,,,,
,,,,,,,
,,,,,,,
,,,,,,,
,,,,,,,
,,,,,,,
,,,,,,,
,,,,,,,
,,,,,,,
,,,,,,,
,,,,,,,
,,,,,,,
,,,,,,,
,,,,,,,
,,,,,,,
,,,,,,,
,,,,,,,
,,,,,,,
,,,,,,,
,,,,,,,
,,,,,,,
,,,,,,,
,,,,,,,
,,,,,,,
,,,,,,,
,,,,,,,
,,,,,,,
,,,,,,,
,,,,,,,
,,,,,,,
,,,,,,,
,,,,,,,
,,,,,,,
,,,,,,,
,,,,,,,
,,,,,,,
,,,,,,,
,,,,,,,
,,,,,,,
,,,,,,,
,,,,,,,
,,,,,,,
,,,,,,,
,,,,,,,
,,,,,,,
,,,,,,,
,,,,,,,
,,,,,,,
,,,,,,,
,,,,,,,
,,,,,,,
,,,,,,,
,,,,,,,
,,,,,,,
,,,,,,,
,,,,,,,
,,,,,,,
,,,,,,,
,,,,,,,
,,,,,,,
,,,,,,,
,,,,,,,
,,,,,,,
,,,,,,,
,,,,,,,
,,,,,,,
,,,,,,,
,,,,,,,
,,,,,,,
,,,,,,,
,,,,,,,
,,,,,,,
,,,,,,,
,,,,,,,
,,,,,,,
,,,,,,,
,,,,,,,
,,,,,,,
,,,,,,,
,,,,,,,
,,,,,,,
,,,,,,,
,,,,,,,
,,,,,,,
,,,,,,,
,,,,,,,
,,,,,,,
,,,,,,,
,,,,,,,
,,,,,,,
,,,,,,,
,,,,,,,
,,,,,,,
,,,,,,,
,,,,,,,
,,,,,,,
,,,,,,,
,,,,,,,
,,,,,,,
,,,,,,,
,,,,,,,
,,,,,,,
,,,,,,,
,,,,,,,
,,,,,,,
,,,,,,,
,,,,,,,
,,,,,,,
,,,,,,,
,,,,,,,
,,,,,,,
,,,,,,,
,,,,,,,
,,,,,,,
,,,,,,,
,,,,,,,
,,,,,,,
,,,,,,,
,,,,,,,
,,,,,,,
,,,,,,,
,,,,,,,
,,,,,,,
,,,,,,,
,,,,,,,
,,,,,,,
,,,,,,,
,,,,,,,
,,,,,,,
,,,,,,,
,,,,,,,
,,,,,,,
,,,,,,,
,,,,,,,
,,,,,,,
,,,,,,,
,,,,,,,
,,,,,,,
,,,,,,,
,,,,,,,
,,,,,,,
,,,,,,,
,,,,,,,
,,,,,,,
,,,,,,,
,,,,,,,
,,,,,,,
,,,,,,,
,,,,,,,
,,,,,,,
,,,,,,,
,,,,,,,
,,,,,,,
,,,,,,,
,,,,,,,
,,,,,,,
,,,,,,,
,,,,,,,
,,,,,,,
,,,,,,,
,,,,,,,
,,,,,,,
,,,,,,,
,,,,,,,
,,,,,,,
,,,,,,,
,,,,,,,
,,,,,,,
,,,,,,,
,,,,,,,
,,,,,,,
,,,,,,,
,,,,,,,
,,,,,,,
,,,,,,,
,,,,,,,
,,,,,,,
,,,,,,,
,,,,,,,
,,,,,,,
,,,,,,,
,,,,,,,
,,,,,,,
,,,,,,,
,,,,,,,
,,,,,,,
,,,,,,,
,,,,,,,
,,,,,,,
,,,,,,,
,,,,,,,
,,,,,,,
,,,,,,,
,,,,,,,
,,,,,,,
,,,,,,,
,,,,,,,
,,,,,,,
,,,,,,,
,,,,,,,
,,,,,,,
,,,,,,,
,,,,,,,
,,,,,,,
,,,,,,,
,,,,,,,
,,,,,,,
,,,,,,,
,,,,,,,
,,,,,,,
,,,,,,,
,,,,,,,
,,,,,,,
,,,,,,,
,,,,,,,
,,,,,,,
,,,,,,,
,,,,,,,
,,,,,,,
,,,,,,,
,,,,,,,
,,,,,,,
,,,,,,,
,,,,,,,
,,,,,,,
,,,,,,,
,,,,,,,
,,,,,,,
,,,,,,,
,,,,,,,
,,,,,,,
,,,,,,,
,,,,,,,
,,,,,,,
,,,,,,,
,,,,,,,
,,,,,,,
,,,,,,,
,,,,,,,
,,,,,,,
,,,,,,,
,,,,,,,
,,,,,,,
,,,,,,,
,,,,,,,
,,,,,,,
,,,,,,,
,,,,,,,
,,,,,,,
,,,,,,,
,,,,,,,
,,,,,,,
,,,,,,,
,,,,,,,
,,,,,,,
,,,,,,,
,,,,,,,
,,,,,,,
,,,,,,,
,,,,,,,
,,,,,,,
,,,,,,,
,,,,,,,
,,,,,,,
,,,,,,,
,,,,,,,
,,,,,,,
,,,,,,,
,,,,,,,
,,,,,,,
,,,,,,,
,,,,,,,
,,,,,,,
,,,,,,,
,,,,,,,
,,,,,,,
,,,,,,,
,,,,,,,
,,,,,,,
,,,,,,,
,,,,,,,
,,,,,,,
,,,,,,,
,,,,,,,
,,,,,,,
,,,,,,,
,,,,,,,
,,,,,,,
,,,,,,,
,,,,,,,
,,,,,,,
,,,,,,,
,,,,,,,
,,,,,,,
,,,,,,,
,,,,,,,
,,,,,,,
,,,,,,,
,,,,,,,
,,,,,,,
,,,,,,,
,,,,,,,
,,,,,,,
,,,,,,,
,,,,,,,
,,,,,,,
,,,,,,,
,,,,,,,
,,,,,,,
,,,,,,,
,,,,,,,
,,,,,,,
,,,,,,,
,,,,,,,
,,,,,,,
,,,,,,,
,,,,,,,
,,,,,,,
,,,,,,,
,,,,,,,
,,,,,,,
,,,,,,,
,,,,,,,
,,,,,,,
,,,,,,,
,,,,,,,
,,,,,,,
,,,,,,,
,,,,,,,
,,,,,,,
,,,,,,,
,,,,,,,
,,,,,,,
,,,,,,,
,,,,,,,
,,,,,,,
,,,,,,,
,,,,,,,
,,,,,,,
,,,,,,,
,,,,,,,
,,,,,,,
,,,,,,,
,,,,,,,
,,,,,,,
,,,,,,,
,,,,,,,
,,,,,,,
,,,,,,,
,,,,,,,
,,,,,,,
,,,,,,,
,,,,,,,
,,,,,,,
,,,,,,,
,,,,,,,
,,,,,,,
,,,,,,,
,,,,,,,
,,,,,,,
,,,,,,,
,,,,,,,
,,,,,,,
,,,,,,,
,,,,,,,
,,,,,,,
,,,,,,,
,,,,,,,
,,,,,,,
,,,,,,,
,,,,,,,
,,,,,,,
,,,,,,,
,,,,,,,
,,,,,,,
,,,,,,,
,,,,,,,
,,,,,,,
,,,,,,,
,,,,,,,
,,,,,,,
,,,,,,,
,,,,,,,
,,,,,,,
,,,,,,,
,,,,,,,
,,,,,,,
,,,,,,,
,,,,,,,
,,,,,,,
,,,,,,,
,,,,,,,
,,,,,,,
,,,,,,,
,,,,,,,
,,,,,,,
,,,,,,,
,,,,,,,
,,,,,,,
,,,,,,,
,,,,,,,
,,,,,,,
,,,,,,,
,,,,,,,
,,,,,,,
,,,,,,,
,,,,,,,
,,,,,,,
,,,,,,,
,,,,,,,
,,,,,,,
,,,,,,,
,,,,,,,
,,,,,,,
,,,,,,,
,,,,,,,
,,,,,,,
,,,,,,,
,,,,,,,
,,,,,,,
,,,,,,,
,,,,,,,
,,,,,,,
,,,,,,,
,,,,,,,
,,,,,,,
,,,,,,,
,,,,,,,
,,,,,,,
,,,,,,,
,,,,,,,
,,,,,,,
,,,,,,,
,,,,,,,
,,,,,,,
,,,,,,,
,,,,,,,
,,,,,,,
,,,,,,,
,,,,,,,
,,,,,,,
,,,,,,,
,,,,,,,
,,,,,,,
,,,,,,,
,,,,,,,
,,,,,,,
,,,,,,,
,,,,,,,
,,,,,,,
,,,,,,,
,,,,,,,
,,,,,,,
,,,,,,,
,,,,,,,
,,,,,,,
,,,,,,,
,,,,,,,
,,,,,,,
,,,,,,,
,,,,,,,
,,,,,,,
,,,,,,,
,,,,,,,
,,,,,,,
,,,,,,,
,,,,,,,
,,,,,,,
,,,,,,,
,,,,,,,
,,,,,,,
,,,,,,,
,,,,,,,
,,,,,,,
,,,,,,,
,,,,,,,
,,,,,,,
,,,,,,,
,,,,,,,
,,,,,,,
,,,,,,,
,,,,,,,
,,,,,,,
,,,,,,,
,,,,,,,
,,,,,,,
,,,,,,,
,,,,,,,
,,,,,,,
,,,,,,,
,,,,,,,
,,,,,,,
,,,,,,,
,,,,,,,
,,,,,,,
,,,,,,,
,,,,,,,
,,,,,,,
,,,,,,,
,,,,,,,
,,,,,,,
,,,,,,,
,,,,,,,
,,,,,,,
,,,,,,,
,,,,,,,
,,,,,,,
,,,,,,,
,,,,,,,
,,,,,,,
,,,,,,,
,,,,,,,
,,,,,,,
,,,,,,,
,,,,,,,
,,,,,,,
,,,,,,,
,,,,,,,
,,,,,,,
,,,,,,,
,,,,,,,
,,,,,,,
,,,,,,,
,,,,,,,
,,,,,,,
,,,,,,,
,,,,,,,
,,,,,,,
,,,,,,,
,,,,,,,
,,,,,,,
,,,,,,,
,,,,,,,
,,,,,,,
,,,,,,,
,,,,,,,
,,,,,,,
,,,,,,,
,,,,,,,
,,,,,,,
,,,,,,,
,,,,,,,
,,,,,,,
,,,,,,,
,,,,,,,
,,,,,,,
,,,,,,,
,,,,,,,
,,,,,,,
,,,,,,,
,,,,,,,
,,,,,,,
,,,,,,,
,,,,,,,
,,,,,,,
,,,,,,,
,,,,,,,
,,,,,,,
,,,,,,,
,,,,,,,
,,,,,,,
,,,,,,,
,,,,,,,
,,,,,,,
,,,,,,,
,,,,,,,
,,,,,,,
,,,,,,,
,,,,,,,
,,,,,,,
,,,,,,,
,,,,,,,
,,,,,,,
,,,,,,,
,,,,,,,
,,,,,,,
,,,,,,,
,,,,,,,
,,,,,,,
,,,,,,,
,,,,,,,
,,,,,,,
,,,,,,,
,,,,,,,
,,,,,,,
,,,,,,,
,,,,,,,
,,,,,,,
,,,,,,,
,,,,,,,
,,,,,,,
,,,,,,,
,,,,,,,
,,,,,,,
,,,,,,,
,,,,,,,
,,,,,,,
,,,,,,,
,,,,,,,
,,,,,,,
,,,,,,,
,,,,,,,
,,,,,,,
,,,,,,,
,,,,,,,
,,,,,,,
,,,,,,,
,,,,,,,
,,,,,,,
,,,,,,,
,,,,,,,
,,,,,,,
,,,,,,,
,,,,,,,
,,,,,,,
,,,,,,,
,,,,,,,
,,,,,,,
,,,,,,,
,,,,,,,
,,,,,,,
,,,,,,,
,,,,,,,
,,,,,,,
,,,,,,,
,,,,,,,
,,,,,,,
,,,,,,,
,,,,,,,
,,,,,,,
,,,,,,,
,,,,,,,
,,,,,,,
,,,,,,,
,,,,,,,
,,,,,,,
,,,,,,,
,,,,,,,
,,,,,,,
,,,,,,,
,,,,,,,
,,,,,,,
,,,,,,,
,,,,,,,
,,,,,,,
,,,,,,,
,,,,,,,
,,,,,,,
,,,,,,,
,,,,,,,
,,,,,,,
,,,,,,,
,,,,,,,
,,,,,,,
,,,,,,,
,,,,,,,
,,,,,,,
,,,,,,,
,,,,,,,
,,,,,,,
,,,,,,,
,,,,,,,
,,,,,,,
,,,,,,,
,,,,,,,
,,,,,,,
,,,,,,,
,,,,,,,
,,,,,,,
,,,,,,,
,,,,,,,
,,,,,,,
,,,,,,,
,,,,,,,
,,,,,,,
,,,,,,,
,,,,,,,
,,,,,,,
,,,,,,,
,,,,,,,
,,,,,,,
,,,,,,,
,,,,,,,
,,,,,,,
,,,,,,,
,,,,,,,
,,,,,,,
,,,,,,,
,,,,,,,
,,,,,,,
,,,,,,,
,,,,,,,
,,,,,,,
,,,,,,,
,,,,,,,
,,,,,,,
,,,,,,,
,,,,,,,
,,,,,,,
,,,,,,,
,,,,,,,
,,,,,,,
,,,,,,,
,,,,,,,
,,,,,,,
,,,,,,,
,,,,,,,
,,,,,,,
,,,,,,,
,,,,,,,
,,,,,,,
,,,,,,,
,,,,,,,
,,,,,,,
,,,,,,,
,,,,,,,
,,,,,,,
,,,,,,,
,,,,,,,
,,,,,,,
,,,,,,,
,,,,,,,
,,,,,,,
,,,,,,,
,,,,,,,
,,,,,,,
,,,,,,,
,,,,,,,
,,,,,,,
,,,,,,,
,,,,,,,
,,,,,,,
,,,,,,,
,,,,,,,
,,,,,,,
,,,,,,,
,,,,,,,
,,,,,,,
,,,,,,,
,,,,,,,
,,,,,,,
,,,,,,,
,,,,,,,
,,,,,,,
,,,,,,,
,,,,,,,
,,,,,,,
,,,,,,,
,,,,,,,
,,,,,,,
,,,,,,,
,,,,,,,
,,,,,,,
,,,,,,,
,,,,,,,
,,,,,,,
,,,,,,,
,,,,,,,
,,,,,,,
,,,,,,,
,,,,,,,
,,,,,,,
,,,,,,,
,,,,,,,
,,,,,,,
,,,,,,,
,,,,,,,
,,,,,,,
,,,,,,,
,,,,,,,
,,,,,,,
,,,,,,,
,,,,,,,
,,,,,,,
,,,,,,,
,,,,,,,
,,,,,,,
,,,,,,,
,,,,,,,
,,,,,,,
,,,,,,,
,,,,,,,
,,,,,,,
,,,,,,,
,,,,,,,
,,,,,,,
,,,,,,,
,,,,,,,
,,,,,,,
,,,,,,,
,,,,,,,
,,,,,,,
,,,,,,,
,,,,,,,
,,,,,,,
,,,,,,,
,,,,,,,
,,,,,,,
,,,,,,,
,,,,,,,
,,,,,,,
,,,,,,,
,,,,,,,
,,,,,,,
,,,,,,,
,,,,,,,
,,,,,,,
,,,,,,,
,,,,,,,
,,,,,,,
,,,,,,,
,,,,,,,
,,,,,,,
,,,,,,,
,,,,,,,
,,,,,,,
,,,,,,,
,,,,,,,
,,,,,,,
,,,,,,,
,,,,,,,
,,,,,,,
,,,,,,,
,,,,,,,
,,,,,,,
,,,,,,,
,,,,,,,
,,,,,,,
,,,,,,,
,,,,,,,
,,,,,,,
,,,,,,,
,,,,,,,
,,,,,,,
,,,,,,,
,,,,,,,
,,,,,,,
,,,,,,,
,,,,,,,
,,,,,,,
,,,,,,,
,,,,,,,
,,,,,,,
,,,,,,,
,,,,,,,
,,,,,,,
,,,,,,,
,,,,,,,
,,,,,,,
,,,,,,,
,,,,,,,
,,,,,,,
,,,,,,,
,,,,,,,
,,,,,,,
,,,,,,,
,,,,,,,
,,,,,,,
,,,,,,,
,,,,,,,
,,,,,,,
,,,,,,,
,,,,,,,
,,,,,,,
,,,,,,,
,,,,,,,
,,,,,,,
,,,,,,,
,,,,,,,
,,,,,,,
,,,,,,,
,,,,,,,
,,,,,,,
,,,,,,,
,,,,,,,
,,,,,,,
,,,,,,,
,,,,,,,
,,,,,,,
,,,,,,,
,,,,,,,
,,,,,,,
,,,,,,,
,,,,,,,
,,,,,,,
,,,,,,,
,,,,,,,
,,,,,,,
,,,,,,,
,,,,,,,
,,,,,,,
,,,,,,,
,,,,,,,
,,,,,,,
,,,,,,,
,,,,,,,
,,,,,,,
,,,,,,,
,,,,,,,
,,,,,,,
,,,,,,,
,,,,,,,
,,,,,,,
,,,,,,,
,,,,,,,
,,,,,,,
,,,,,,,
,,,,,,,
,,,,,,,
,,,,,,,
,,,,,,,
,,,,,,,
,,,,,,,
,,,,,,,
,,,,,,,
,,,,,,,
,,,,,,,
,,,,,,,
,,,,,,,
,,,,,,,
,,,,,,,
,,,,,,,
,,,,,,,
,,,,,,,
,,,,,,,
,,,,,,,
,,,,,,,
,,,,,,,
,,,,,,,
,,,,,,,
,,,,,,,
,,,,,,,
,,,,,,,
,,,,,,,
,,,,,,,
,,,,,,,
,,,,,,,
,,,,,,,
,,,,,,,
,,,,,,,
,,,,,,,
,,,,,,,
,,,,,,,
,,,,,,,
,,,,,,,
,,,,,,,
,,,,,,,
,,,,,,,
,,,,,,,
,,,,,,,
,,,,,,,
,,,,,,,
,,,,,,,
,,,,,,,
,,,,,,,
,,,,,,,
,,,,,,,
,,,,,,,
,,,,,,,
,,,,,,,
,,,,,,,
,,,,,,,
,,,,,,,
,,,,,,,
,,,,,,,
,,,,,,,
,,,,,,,
,,,,,,,
,,,,,,,
,,,,,,,
,,,,,,,
,,,,,,,
,,,,,,,
,,,,,,,
,,,,,,,
,,,,,,,
,,,,,,,
,,,,,,,
,,,,,,,
,,,,,,,
,,,,,,,
,,,,,,,
,,,,,,,
,,,,,,,
,,,,,,,
,,,,,,,
,,,,,,,
,,,,,,,
,,,,,,,
,,,,,,,
,,,,,,,
,,,,,,,
,,,,,,,
,,,,,,,
,,,,,,,
,,,,,,,
,,,,,,,
,,,,,,,
,,,,,,,
,,,,,,,
,,,,,,,
,,,,,,,
,,,,,,,
,,,,,,,
,,,,,,,
,,,,,,,
,,,,,,,
,,,,,,,
,,,,,,,
,,,,,,,
,,,,,,,
,,,,,,,
,,,,,,,
,,,,,,,
,,,,,,,
,,,,,,,
,,,,,,,
,,,,,,,
,,,,,,,
,,,,,,,
,,,,,,,
,,,,,,,
,,,,,,,
,,,,,,,
,,,,,,,
,,,,,,,
,,,,,,,
,,,,,,,
,,,,,,,
,,,,,,,
,,,,,,,
,,,,,,,
,,,,,,,
,,,,,,,
,,,,,,,
,,,,,,,
,,,,,,,
,,,,,,,
,,,,,,,
,,,,,,,
,,,,,,,
,,,,,,,
,,,,,,,
,,,,,,,
,,,,,,,
,,,,,,,
,,,,,,,
,,,,,,,
,,,,,,,
,,,,,,,
,,,,,,,
,,,,,,,
,,,,,,,
,,,,,,,
,,,,,,,
,,,,,,,
,,,,,,,
,,,,,,,
,,,,,,,
,,,,,,,
,,,,,,,
,,,,,,,
,,,,,,,
,,,,,,,
,,,,,,,
,,,,,,,
,,,,,,,
,,,,,,,
,,,,,,,
,,,,,,,
,,,,,,,
,,,,,,,
,,,,,,,
,,,,,,,
,,,,,,,
,,,,,,,
,,,,,,,
,,,,,,,
,,,,,,,
,,,,,,,
,,,,,,,
,,,,,,,
,,,,,,,
,,,,,,,
,,,,,,,
,,,,,,,
,,,,,,,
,,,,,,,
,,,,,,,
,,,,,,,
,,,,,,,
,,,,,,,
,,,,,,,
,,,,,,,
,,,,,,,
,,,,,,,
,,,,,,,
,,,,,,,
,,,,,,,
,,,,,,,
,,,,,,,
,,,,,,,
,,,,,,,
,,,,,,,
,,,,,,,
,,,,,,,
,,,,,,,
,,,,,,,
,,,,,,,
,,,,,,,
,,,,,,,
,,,,,,,
,,,,,,,
,,,,,,,
,,,,,,,
,,,,,,,
,,,,,,,
,,,,,,,
,,,,,,,
,,,,,,,
,,,,,,,
,,,,,,,
,,,,,,,
,,,,,,,
,,,,,,,
,,,,,,,
,,,,,,,
,,,,,,,
,,,,,,,
,,,,,,,
,,,,,,,
,,,,,,,
,,,,,,,
,,,,,,,
,,,,,,,
,,,,,,,
,,,,,,,
,,,,,,,
,,,,,,,
,,,,,,,
,,,,,,,
,,,,,,,
,,,,,,,
,,,,,,,
,,,,,,,
,,,,,,,
,,,,,,,
,,,,,,,
,,,,,,,
,,,,,,,
,,,,,,,
,,,,,,,
,,,,,,,
,,,,,,,
,,,,,,,
,,,,,,,
,,,,,,,
,,,,,,,
,,,,,,,
,,,,,,,
,,,,,,,
,,,,,,,
,,,,,,,
,,,,,,,
,,,,,,,
,,,,,,,
,,,,,,,
,,,,,,,
,,,,,,,
,,,,,,,
,,,,,,,
,,,,,,,
,,,,,,,
,,,,,,,
,,,,,,,
,,,,,,,
,,,,,,,
,,,,,,,
,,,,,,,
,,,,,,,
,,,,,,,
,,,,,,,
,,,,,,,
,,,,,,,
,,,,,,,
,,,,,,,
,,,,,,,
,,,,,,,
,,,,,,,
,,,,,,,
,,,,,,,
,,,,,,,
,,,,,,,
,,,,,,,
,,,,,,,
,,,,,,,
,,,,,,,
,,,,,,,
,,,,,,,
,,,,,,,
,,,,,,,
,,,,,,,
,,,,,,,
,,,,,,,
,,,,,,,
,,,,,,,
,,,,,,,
,,,,,,,
,,,,,,,
,,,,,,,
,,,,,,,
,,,,,,,
,,,,,,,
,,,,,,,
,,,,,,,
,,,,,,,
,,,,,,,
,,,,,,,
,,,,,,,
,,,,,,,
,,,,,,,
,,,,,,,
,,,,,,,
,,,,,,,
,,,,,,,
,,,,,,,
,,,,,,,
,,,,,,,
,,,,,,,
,,,,,,,
,,,,,,,
,,,,,,,
,,,,,,,
,,,,,,,
,,,,,,,
,,,,,,,
,,,,,,,
,,,,,,,
,,,,,,,
,,,,,,,
,,,,,,,
,,,,,,,
,,,,,,,
,,,,,,,
,,,,,,,
,,,,,,,
,,,,,,,
,,,,,,,
,,,,,,,
,,,,,,,
,,,,,,,
,,,,,,,
,,,,,,,
,,,,,,,
,,,,,,,
,,,,,,,
,,,,,,,
,,,,,,,
,,,,,,,
,,,,,,,
,,,,,,,
,,,,,,,
,,,,,,,
,,,,,,,
,,,,,,,
,,,,,,,
,,,,,,,
,,,,,,,
,,,,,,,
,,,,,,,
,,,,,,,
,,,,,,,
,,,,,,,
,,,,,,,
,,,,,,,
,,,,,,,
,,,,,,,
,,,,,,,
,,,,,,,
,,,,,,,
,,,,,,,
,,,,,,,
,,,,,,,
,,,,,,,
,,,,,,,
,,,,,,,
,,,,,,,
,,,,,,,
,,,,,,,
,,,,,,,
,,,,,,,
,,,,,,,
,,,,,,,
,,,,,,,
,,,,,,,
,,,,,,,
,,,,,,,
,,,,,,,
,,,,,,,
,,,,,,,
,,,,,,,
,,,,,,,
,,,,,,,
,,,,,,,
,,,,,,,
,,,,,,,
,,,,,,,
,,,,,,,
,,,,,,,
,,,,,,,
,,,,,,,
,,,,,,,
,,,,,,,
,,,,,,,
,,,,,,,
,,,,,,,
,,,,,,,
,,,,,,,
,,,,,,,
,,,,,,,
,,,,,,,
,,,,,,,
,,,,,,,
,,,,,,,
,,,,,,,
,,,,,,,
,,,,,,,
,,,,,,,
,,,,,,,
,,,,,,,
,,,,,,,
,,,,,,,
,,,,,,,
,,,,,,,
,,,,,,,
,,,,,,,
,,,,,,,
,,,,,,,
,,,,,,,
,,,,,,,
,,,,,,,
,,,,,,,
,,,,,,,
,,,,,,,
,,,,,,,
,,,,,,,
,,,,,,,
,,,,,,,
,,,,,,,
,,,,,,,
,,,,,,,
,,,,,,,
,,,,,,,
,,,,,,,
,,,,,,,
,,,,,,,
,,,,,,,
,,,,,,,
,,,,,,,
,,,,,,,
,,,,,,,
,,,,,,,
,,,,,,,
,,,,,,,
,,,,,,,
,,,,,,,
,,,,,,,
,,,,,,,
,,,,,,,
,,,,,,,
,,,,,,,
,,,,,,,
,,,,,,,
,,,,,,,
,,,,,,,
,,,,,,,
,,,,,,,
,,,,,,,
,,,,,,,
,,,,,,,
,,,,,,,
,,,,,,,
,,,,,,,
,,,,,,,
,,,,,,,
,,,,,,,
,,,,,,,
,,,,,,,
,,,,,,,
,,,,,,,
,,,,,,,
,,,,,,,
,,,,,,,
,,,,,,,
,,,,,,,
,,,,,,,
,,,,,,,
,,,,,,,
,,,,,,,
,,,,,,,
,,,,,,,
,,,,,,,
,,,,,,,
,,,,,,,
,,,,,,,
,,,,,,,
,,,,,,,
,,,,,,,
,,,,,,,
,,,,,,,
,,,,,,,
,,,,,,,
,,,,,,,
,,,,,,,
,,,,,,,
,,,,,,,
,,,,,,,
,,,,,,,
,,,,,,,
,,,,,,,
,,,,,,,
,,,,,,,
,,,,,,,
,,,,,,,
,,,,,,,
,,,,,,,
,,,,,,,
,,,,,,,
,,,,,,,
,,,,,,,
,,,,,,,
,,,,,,,
,,,,,,,
,,,,,,,
,,,,,,,
,,,,,,,
,,,,,,,
,,,,,,,
,,,,,,,
,,,,,,,
,,,,,,,
,,,,,,,
,,,,,,,
,,,,,,,
,,,,,,,
,,,,,,,
,,,,,,,
,,,,,,,
,,,,,,,
,,,,,,,
,,,,,,,
,,,,,,,
,,,,,,,
,,,,,,,
,,,,,,,
,,,,,,,
,,,,,,,
,,,,,,,
,,,,,,,
,,,,,,,
,,,,,,,
,,,,,,,
,,,,,,,
,,,,,,,
,,,,,,,
,,,,,,,
,,,,,,,
,,,,,,,
,,,,,,,
,,,,,,,
,,,,,,,
,,,,,,,
,,,,,,,
,,,,,,,
,,,,,,,
,,,,,,,
,,,,,,,
,,,,,,,
,,,,,,,
,,,,,,,
,,,,,,,
,,,,,,,
,,,,,,,
,,,,,,,
,,,,,,,
,,,,,,,
,,,,,,,
,,,,,,,
,,,,,,,
,,,,,,,
,,,,,,,
,,,,,,,
,,,,,,,
,,,,,,,
,,,,,,,
,,,,,,,
,,,,,,,
,,,,,,,
,,,,,,,
,,,,,,,
,,,,,,,
,,,,,,,
,,,,,,,
,,,,,,,
,,,,,,,
,,,,,,,
,,,,,,,
,,,,,,,
,,,,,,,
,,,,,,,
,,,,,,,
,,,,,,,
,,,,,,,
,,,,,,,
,,,,,,,
,,,,,,,
,,,,,,,
,,,,,,,
,,,,,,,
,,,,,,,
,,,,,,,
,,,,,,,
,,,,,,,
,,,,,,,
,,,,,,,
,,,,,,,
,,,,,,,
,,,,,,,
,,,,,,,
,,,,,,,
,,,,,,,
,,,,,,,
,,,,,,,
,,,,,,,
,,,,,,,
,,,,,,,
,,,,,,,
,,,,,,,
,,,,,,,
,,,,,,,
,,,,,,,
,,,,,,,
,,,,,,,
,,,,,,,
,,,,,,,
,,,,,,,
,,,,,,,
,,,,,,,
,,,,,,,
,,,,,,,
,,,,,,,
,,,,,,,
,,,,,,,
,,,,,,,
,,,,,,,
,,,,,,,
,,,,,,,
,,,,,,,
,,,,,,,
,,,,,,,
,,,,,,,
,,,,,,,
,,,,,,,
,,,,,,,
,,,,,,,
,,,,,,,
,,,,,,,
,,,,,,,
,,,,,,,
,,,,,,,
,,,,,,,
,,,,,,,
,,,,,,,
,,,,,,,
,,,,,,,
,,,,,,,
,,,,,,,
,,,,,,,
,,,,,,,
,,,,,,,
,,,,,,,
,,,,,,,
,,,,,,,
,,,,,,,
,,,,,,,
,,,,,,,
,,,,,,,
,,,,,,,
,,,,,,,
,,,,,,,
,,,,,,,
,,,,,,,
,,,,,,,
,,,,,,,
,,,,,,,
,,,,,,,
,,,,,,,
,,,,,,,
,,,,,,,
,,,,,,,
,,,,,,,
,,,,,,,
,,,,,,,
,,,,,,,
,,,,,,,
,,,,,,,
,,,,,,,
,,,,,,,
,,,,,,,
,,,,,,,
,,,,,,,
,,,,,,,
,,,,,,,
,,,,,,,
,,,,,,,
,,,,,,,
,,,,,,,
,,,,,,,
,,,,,,,
,,,,,,,
,,,,,,,
,,,,,,,
,,,,,,,
,,,,,,,
,,,,,,,
,,,,,,,
,,,,,,,
,,,,,,,
,,,,,,,
,,,,,,,
,,,,,,,
,,,,,,,
,,,,,,,
,,,,,,,
,,,,,,,
,,,,,,,
,,,,,,,
,,,,,,,
,,,,,,,
,,,,,,,
,,,,,,,
,,,,,,,
,,,,,,,
,,,,,,,
,,,,,,,
,,,,,,,
,,,,,,,
,,,,,,,
,,,,,,,
,,,,,,,
,,,,,,,
,,,,,,,
,,,,,,,
,,,,,,,
,,,,,,,
,,,,,,,
,,,,,,,
,,,,,,,
,,,,,,,
,,,,,,,
,,,,,,,
,,,,,,,
,,,,,,,
,,,,,,,
,,,,,,,
,,,,,,,
,,,,,,,
,,,,,,,
,,,,,,,
,,,,,,,
,,,,,,,
,,,,,,,
,,,,,,,
,,,,,,,
,,,,,,,
,,,,,,,
,,,,,,,
,,,,,,,
,,,,,,,
,,,,,,,
,,,,,,,
,,,,,,,
,,,,,,,
,,,,,,,
,,,,,,,
,,,,,,,
,,,,,,,
,,,,,,,
,,,,,,,
,,,,,,,
,,,,,,,
,,,,,,,
,,,,,,,
,,,,,,,
,,,,,,,
,,,,,,,
,,,,,,,
,,,,,,,
,,,,,,,
,,,,,,,
,,,,,,,
,,,,,,,
,,,,,,,
,,,,,,,
,,,,,,,
,,,,,,,
,,,,,,,
,,,,,,,
,,,,,,,
,,,,,,,
,,,,,,,
,,,,,,,
,,,,,,,
,,,,,,,
,,,,,,,
,,,,,,,
,,,,,,,
,,,,,,,
,,,,,,,
,,,,,,,
,,,,,,,
,,,,,,,
,,,,,,,
,,,,,,,
,,,,,,,
,,,,,,,
,,,,,,,
,,,,,,,
,,,,,,,
,,,,,,,
,,,,,,,
,,,,,,,
,,,,,,,
,,,,,,,
,,,,,,,
,,,,,,,
,,,,,,,
,,,,,,,
,,,,,,,
,,,,,,,
,,,,,,,
,,,,,,,
,,,,,,,
,,,,,,,
,,,,,,,
,,,,,,,
,,,,,,,
,,,,,,,
,,,,,,,
,,,,,,,
,,,,,,,
,,,,,,,
,,,,,,,
,,,,,,,
,,,,,,,
,,,,,,,
,,,,,,,
,,,,,,,
,,,,,,,
,,,,,,,
,,,,,,,
,,,,,,,
,,,,,,,
,,,,,,,
,,,,,,,
,,,,,,,
,,,,,,,
,,,,,,,
,,,,,,,
,,,,,,,
,,,,,,,
,,,,,,,
,,,,,,,
,,,,,,,
,,,,,,,
,,,,,,,
,,,,,,,
,,,,,,,
,,,,,,,
,,,,,,,
,,,,,,,
,,,,,,,
,,,,,,,
,,,,,,,
,,,,,,,
,,,,,,,
,,,,,,,
,,,,,,,
,,,,,,,
,,,,,,,
,,,,,,,
,,,,,,,
,,,,,,,
,,,,,,,
,,,,,,,
,,,,,,,
,,,,,,,
,,,,,,,
,,,,,,,
,,,,,,,
,,,,,,,
,,,,,,,
,,,,,,,
,,,,,,,
,,,,,,,
,,,,,,,
,,,,,,,
,,,,,,,
,,,,,,,
,,,,,,,
,,,,,,,
,,,,,,,
,,,,,,,
,,,,,,,
,,,,,,,
,,,,,,,
,,,,,,,
,,,,,,,
,,,,,,,
,,,,,,,
,,,,,,,
,,,,,,,
,,,,,,,
,,,,,,,
,,,,,,,
,,,,,,,
,,,,,,,
,,,,,,,
,,,,,,,
,,,,,,,
,,,,,,,
,,,,,,,
,,,,,,,
,,,,,,,
,,,,,,,
,,,,,,,
,,,,,,,
,,,,,,,
,,,,,,,
,,,,,,,
,,,,,,,
,,,,,,,
,,,,,,,
,,,,,,,
,,,,,,,
,,,,,,,
,,,,,,,
,,,,,,,
,,,,,,,
,,,,,,,
,,,,,,,
,,,,,,,
,,,,,,,
,,,,,,,
,,,,,,,
,,,,,,,
,,,,,,,
,,,,,,,
,,,,,,,
,,,,,,,
,,,,,,,
,,,,,,,
,,,,,,,
,,,,,,,
,,,,,,,
,,,,,,,
,,,,,,,
,,,,,,,
,,,,,,,
,,,,,,,
,,,,,,,
,,,,,,,
,,,,,,,
,,,,,,,
,,,,,,,
,,,,,,,
,,,,,,,
,,,,,,,
,,,,,,,
,,,,,,,
,,,,,,,
,,,,,,,
,,,,,,,
,,,,,,,
,,,,,,,
,,,,,,,
,,,,,,,
,,,,,,,
,,,,,,,
,,,,,,,
,,,,,,,
,,,,,,,
,,,,,,,
,,,,,,,
,,,,,,,
,,,,,,,
,,,,,,,
,,,,,,,
,,,,,,,
,,,,,,,
,,,,,,,
,,,,,,,
,,,,,,,
,,,,,,,
,,,,,,,
,,,,,,,
,,,,,,,
,,,,,,,
,,,,,,,
,,,,,,,
,,,,,,,
,,,,,,,
,,,,,,,
,,,,,,,
,,,,,,,
,,,,,,,
,,,,,,,
,,,,,,,
,,,,,,,
,,,,,,,
,,,,,,,
,,,,,,,
,,,,,,,
,,,,,,,
,,,,,,,
,,,,,,,
,,,,,,,
,,,,,,,
,,,,,,,
,,,,,,,
,,,,,,,
,,,,,,,
,,,,,,,
,,,,,,,
,,,,,,,
,,,,,,,
,,,,,,,
,,,,,,,
,,,,,,,
,,,,,,,
,,,,,,,
,,,,,,,
,,,,,,,
,,,,,,,
,,,,,,,
,,,,,,,
,,,,,,,
,,,,,,,
,,,,,,,
,,,,,,,
,,,,,,,
,,,,,,,
,,,,,,,
,,,,,,,
,,,,,,,
,,,,,,,
,,,,,,,
,,,,,,,
,,,,,,,
,,,,,,,
,,,,,,,
,,,,,,,
,,,,,,,
,,,,,,,
,,,,,,,
,,,,,,,
,,,,,,,
,,,,,,,
,,,,,,,
,,,,,,,
,,,,,,,
,,,,,,,
,,,,,,,
,,,,,,,
,,,,,,,
,,,,,,,
,,,,,,,
,,,,,,,
,,,,,,,
,,,,,,,
,,,,,,,
,,,,,,,
,,,,,,,
,,,,,,,
,,,,,,,
,,,,,,,
,,,,,,,
,,,,,,,
,,,,,,,
,,,,,,,
,,,,,,,
,,,,,,,
,,,,,,,
,,,,,,,
,,,,,,,
,,,,,,,
,,,,,,,
,,,,,,,
,,,,,,,
,,,,,,,
,,,,,,,
,,,,,,,
,,,,,,,
,,,,,,,
,,,,,,,
,,,,,,,
,,,,,,,
,,,,,,,
,,,,,,,
,,,,,,,
,,,,,,,
,,,,,,,
,,,,,,,
,,,,,,,
,,,,,,,
,,,,,,,
,,,,,,,
,,,,,,,
,,,,,,,
,,,,,,,
,,,,,,,
,,,,,,,
,,,,,,,
,,,,,,,
,,,,,,,
,,,,,,,
,,,,,,,
,,,,,,,
,,,,,,,
,,,,,,,
,,,,,,,
,,,,,,,
,,,,,,,
,,,,,,,
,,,,,,,
,,,,,,,
,,,,,,,
,,,,,,,
,,,,,,,
,,,,,,,
,,,,,,,
,,,,,,,
,,,,,,,
,,,,,,,
,,,,,,,
,,,,,,,
,,,,,,,
,,,,,,,
,,,,,,,
,,,,,,,
,,,,,,,
,,,,,,,
,,,,,,,
,,,,,,,
,,,,,,,
,,,,,,,
,,,,,,,
,,,,,,,
,,,,,,,
,,,,,,,
,,,,,,,
,,,,,,,
,,,,,,,
,,,,,,,
,,,,,,,
,,,,,,,
,,,,,,,
,,,,,,,
,,,,,,,
,,,,,,,
,,,,,,,
,,,,,,,
,,,,,,,
,,,,,,,
,,,,,,,
,,,,,,,
,,,,,,,
,,,,,,,
,,,,,,,
,,,,,,,
,,,,,,,
,,,,,,,
,,,,,,,
,,,,,,,
,,,,,,,
,,,,,,,
